Timestamp,1. What is your year of study?,2. What is your gender?,3. How often do you have difficulty falling asleep at night?,"4. On average, how many hours of sleep do you get on a typical day?",5. How often do you wake up during the night and have trouble falling back asleep?,6. How would you rate the overall quality of your sleep?,7. How often do you experience difficulty concentrating during lectures or studying due to lack of sleep?,"8. How often do you feel fatigued during the day, affecting your ability to study or attend classes?","9. How often do you miss or skip classes due to sleep-related issues (e.g., insomnia, feeling tired)?",10. How would you describe the impact of insufficient sleep on your ability to complete assignments and meet deadlines?,"11. How often do you use electronic devices (e.g., phone, computer) before going to sleep?","12. How often do you consume caffeine (coffee, energy drinks) to stay awake or alert?",13. How often do you engage in physical activity or exercise?,14. How would you describe your stress levels related to academic workload?,15. How would you rate your overall academic performance (GPA or grades) in the past semester?
10/24/2024 16:51:15,4,0,5.5,7.5,5.5,3,3.0,5.0,4.5,2,5.5,1.5,3.5,2,2
10/24/2024 16:51:51,3,0,5.5,7.5,5.5,3,5.0,3.0,2.5,3,3.5,3.5,3.5,1,3
10/24/2024 16:52:21,1,1,3.5,7.5,3.5,3,5.0,5.0,2.5,3,5.5,5.5,5.5,2,0
10/24/2024 16:53:00,3,0,5.5,8.5,3.5,1,5.0,5.0,0.3,1,3.5,3.5,7.0,3,4
10/24/2024 16:53:25,4,0,5.5,7.5,5.5,4,7.0,3.0,2.5,2,3.5,3.5,5.5,1,2
10/24/2024 16:53:53,2,0,5.5,7.5,5.5,4,3.0,1.0,2.5,1,3.5,5.5,1.5,2,0
10/24/2024 16:54:24,3,0,3.5,7.5,5.5,3,3.0,5.0,2.5,1,1.5,1.5,0.0,0,3
10/24/2024 16:54:50,3,0,5.5,8.5,7.0,3,7.0,3.0,4.5,2,5.5,1.5,1.5,1,3
10/24/2024 16:55:18,3,0,5.5,8.5,5.5,2,3.0,1.0,0.3,2,1.5,1.5,3.5,3,2
10/24/2024 16:56:33,3,0,7.0,8.5,7.0,4,7.0,7.0,7.0,2,5.5,3.5,5.5,2,1
10/24/2024 16:57:04,2,1,5.5,7.5,7.0,1,5.0,3.0,7.0,3,3.5,5.5,3.5,2,2
10/24/2024 16:58:21,3,0,5.5,8.5,5.5,3,5.0,3.0,7.0,3,3.5,7.0,3.5,2,2
10/24/2024 16:58:40,2,0,5.5,7.5,5.5,1,1.0,3.0,2.5,1,0.0,1.5,3.5,1,2
10/24/2024 16:59:52,2,1,5.5,6.5,3.5,3,5.0,3.0,2.5,3,3.5,5.5,3.5,2,0
10/24/2024 17:00:21,2,0,3.5,8.5,5.5,2,7.0,3.0,4.5,2,5.5,1.5,1.5,2,3
10/24/2024 17:00:26,4,0,3.5,4.5,3.5,3,5.0,5.0,4.5,3,5.5,5.5,5.5,2,1
10/24/2024 17:00:50,1,0,5.5,8.5,3.5,2,1.0,0.0,2.5,2,3.5,1.5,5.5,1,3
10/24/2024 17:01:57,3,0,5.5,7.5,7.0,2,5.0,3.0,4.5,3,5.5,5.5,5.5,2,0
10/24/2024 17:02:23,2,0,3.5,6.5,5.5,3,1.0,3.0,2.5,2,3.5,3.5,3.5,2,2
10/24/2024 17:03:24,3,0,7.0,8.5,7.0,3,1.0,3.0,0.3,2,3.5,3.5,3.5,1,2
10/24/2024 17:03:46,1,0,7.0,7.5,1.5,2,3.0,1.0,2.5,2,1.5,3.5,3.5,2,4
10/24/2024 17:04:15,3,0,5.5,7.5,5.5,3,5.0,5.0,0.3,2,5.5,1.5,3.5,2,0
10/24/2024 17:04:15,4,0,1.5,4.5,1.5,2,3.0,3.0,0.3,1,1.5,1.5,1.5,1,2
10/24/2024 17:06:35,2,0,5.5,7.5,7.0,3,5.0,3.0,4.5,2,5.5,5.5,3.5,3,3
10/24/2024 17:07:01,1,0,5.5,7.5,3.5,3,0.0,3.0,0.3,2,1.5,5.5,5.5,2,3
10/24/2024 17:07:29,2,0,1.5,6.5,1.5,1,5.0,5.0,2.5,0,1.5,1.5,1.5,1,4
10/24/2024 17:08:29,4,0,7.0,8.5,5.5,4,5.0,3.0,2.5,3,3.5,7.0,5.5,2,2
10/24/2024 17:08:59,2,1,5.5,8.5,5.5,3,3.0,5.0,4.5,1,5.5,1.5,5.5,2,0
10/24/2024 17:10:05,3,0,3.5,7.5,3.5,3,3.0,5.0,4.5,2,5.5,3.5,3.5,2,2
10/24/2024 17:12:15,2,1,5.5,7.5,7.0,2,5.0,1.0,4.5,2,3.5,5.5,3.5,2,3
10/24/2024 17:12:40,2,1,3.5,7.5,5.5,3,5.0,3.0,4.5,3,1.5,5.5,5.5,1,2
10/24/2024 17:14:18,3,0,5.5,7.5,5.5,3,3.0,1.0,2.5,2,3.5,5.5,3.5,2,0
10/24/2024 17:15:03,3,0,5.5,7.5,3.5,2,5.0,3.0,2.5,1,5.5,3.5,5.5,1,2
10/24/2024 17:15:43,3,1,5.5,7.5,3.5,2,3.0,7.0,4.5,2,5.5,1.5,5.5,1,3
10/24/2024 17:16:11,2,0,5.5,6.5,5.5,1,5.0,3.0,4.5,2,5.5,5.5,3.5,2,2
10/24/2024 17:16:38,3,0,3.5,7.5,3.5,2,3.0,5.0,4.5,2,5.5,5.5,5.5,1,3
10/24/2024 17:17:19,3,0,7.0,8.5,5.5,3,5.0,1.0,2.5,2,7.0,3.5,5.5,2,1
10/24/2024 17:17:51,4,1,7.0,7.5,5.5,3,5.0,7.0,4.5,3,5.5,5.5,5.5,2,0
10/24/2024 17:18:37,2,1,5.5,7.5,5.5,3,3.0,5.0,2.5,2,5.5,3.5,5.5,2,2
10/24/2024 17:20:16,3,0,5.5,6.5,3.5,2,5.0,5.0,4.5,3,5.5,5.5,3.5,3,2
10/24/2024 17:20:38,3,1,5.5,7.5,3.5,2,3.0,5.0,0.3,3,3.5,3.5,3.5,1,2
10/24/2024 17:21:01,3,0,7.0,8.5,7.0,2,5.0,3.0,4.5,1,5.5,1.5,5.5,2,2
10/24/2024 17:21:24,3,1,5.5,4.5,5.5,2,3.0,3.0,4.5,2,5.5,5.5,7.0,1,2
10/24/2024 17:27:58,3,0,5.5,8.5,5.5,4,5.0,5.0,2.5,3,5.5,3.5,3.5,3,0
10/24/2024 17:29:00,3,0,5.5,7.5,5.5,3,5.0,3.0,4.5,3,5.5,3.5,3.5,3,1
10/24/2024 17:30:27,3,1,5.5,7.5,7.0,3,5.0,1.0,7.0,2,5.5,3.5,5.5,2,0
10/24/2024 17:31:18,3,1,7.0,8.5,5.5,3,3.0,5.0,2.5,3,5.5,5.5,3.5,2,2
10/24/2024 17:31:43,3,0,7.0,8.5,7.0,1,3.0,3.0,7.0,3,3.5,5.5,3.5,2,2
10/24/2024 17:32:11,2,0,5.5,8.5,5.5,3,3.0,3.0,4.5,3,5.5,5.5,5.5,1,0
10/24/2024 17:32:36,3,1,5.5,7.5,3.5,3,5.0,1.0,4.5,3,5.5,3.5,5.5,2,2
10/24/2024 17:36:59,3,1,5.5,7.5,7.0,4,5.0,7.0,2.5,2,1.5,1.5,5.5,1,2
10/24/2024 17:37:27,3,1,5.5,7.5,5.5,0,3.0,5.0,4.5,2,5.5,5.5,5.5,3,0
10/24/2024 17:38:22,3,1,3.5,7.5,5.5,3,5.0,3.0,2.5,2,5.5,5.5,7.0,3,0
10/24/2024 17:42:05,3,1,3.5,3.5,7.0,4,7.0,5.0,4.5,3,5.5,7.0,7.0,3,1
10/24/2024 17:44:40,2,1,7.0,8.5,5.5,2,5.0,5.0,2.5,2,5.5,3.5,5.5,1,1
10/24/2024 17:45:17,3,0,5.5,7.5,3.5,3,5.0,5.0,4.5,2,5.5,5.5,3.5,3,1
10/24/2024 17:45:42,3,0,3.5,7.5,5.5,2,5.0,5.0,2.5,4,3.5,5.5,5.5,3,1
10/24/2024 17:50:09,3,0,5.5,7.5,5.5,2,5.0,5.0,4.5,2,3.5,3.5,3.5,1,1
10/24/2024 17:50:35,3,1,7.0,8.5,7.0,2,5.0,5.0,7.0,3,7.0,3.5,5.5,1,1
10/24/2024 17:50:59,2,0,5.5,7.5,3.5,2,5.0,3.0,4.5,3,3.5,5.5,3.5,2,1
10/24/2024 17:53:05,3,0,5.5,8.5,5.5,3,3.0,3.0,4.5,3,5.5,5.5,5.5,2,1
10/24/2024 17:53:28,3,1,5.5,7.5,5.5,2,5.0,5.0,2.5,3,3.5,5.5,5.5,2,1
10/24/2024 17:53:55,4,1,7.0,7.5,5.5,3,5.0,7.0,4.5,2,7.0,7.0,7.0,2,1
10/24/2024 17:57:22,3,1,5.5,8.5,7.0,4,7.0,5.0,4.5,2,3.5,5.5,5.5,2,1
10/24/2024 17:57:48,2,1,5.5,7.5,7.0,1,1.0,3.0,0.3,2,3.5,3.5,3.5,2,1
10/24/2024 18:02:23,3,0,3.5,7.5,1.5,1,1.0,1.0,0.3,1,1.5,1.5,1.5,1,1
10/24/2024 18:02:48,2,0,7.0,7.5,5.5,3,1.0,1.0,0.3,2,3.5,1.5,1.5,2,1
10/24/2024 18:03:13,4,0,5.5,7.5,5.5,1,3.0,3.0,0.3,2,3.5,3.5,3.5,2,1
10/24/2024 18:03:45,2,0,5.5,7.5,7.0,4,3.0,5.0,2.5,3,3.5,3.5,5.5,2,1
10/24/2024 18:04:13,3,0,5.5,7.5,5.5,3,3.0,3.0,4.5,3,5.5,5.5,5.5,2,1
10/24/2024 18:05:24,4,0,7.0,8.5,7.0,4,3.0,7.0,2.5,3,3.5,5.5,3.5,2,1
10/24/2024 18:06:00,4,0,3.5,7.5,5.5,2,3.0,5.0,4.5,3,5.5,5.5,5.5,2,1
10/24/2024 18:11:45,4,0,7.0,7.5,7.0,3,7.0,5.0,4.5,2,5.5,5.5,5.5,1,1
10/24/2024 18:12:27,3,0,5.5,7.5,7.0,4,1.0,3.0,4.5,2,5.5,5.5,5.5,2,1
10/24/2024 18:12:45,3,0,0.0,4.5,3.5,3,5.0,3.0,0.3,3,1.5,3.5,5.5,2,1
10/24/2024 18:13:32,3,1,3.5,6.5,5.5,3,1.0,3.0,2.5,1,3.5,3.5,5.5,2,0
10/24/2024 18:17:08,4,0,7.0,7.5,1.5,4,3.0,5.0,4.5,1,1.5,3.5,5.5,2,1
10/24/2024 18:17:57,2,0,5.5,8.5,7.0,2,1.0,3.0,0.3,1,5.5,3.5,3.5,1,1
10/24/2024 18:18:17,4,1,7.0,7.5,7.0,4,5.0,5.0,4.5,4,5.5,5.5,5.5,2,0
10/24/2024 18:18:41,3,1,7.0,7.5,5.5,3,5.0,5.0,4.5,3,5.5,5.5,5.5,1,0
10/24/2024 18:19:06,4,0,3.5,7.5,7.0,4,7.0,5.0,2.5,3,3.5,3.5,3.5,1,0
10/24/2024 18:19:23,4,0,5.5,7.5,5.5,2,3.0,5.0,4.5,3,1.5,5.5,3.5,2,0
10/24/2024 18:19:58,1,0,5.5,7.5,5.5,3,1.0,1.0,0.0,4,5.5,3.5,7.0,2,0
10/24/2024 18:20:21,4,1,5.5,7.5,7.0,3,5.0,7.0,4.5,1,1.5,3.5,3.5,1,0
10/24/2024 18:20:41,4,0,7.0,6.5,5.5,3,5.0,5.0,7.0,3,3.5,5.5,3.5,0,1
10/24/2024 18:21:05,4,0,7.0,6.5,5.5,4,5.0,7.0,4.5,3,7.0,5.5,3.5,2,0
10/24/2024 18:21:30,1,0,5.5,7.5,5.5,3,7.0,3.0,4.5,1,5.5,1.5,5.5,2,1
10/24/2024 18:22:03,3,1,5.5,7.5,7.0,1,3.0,7.0,4.5,1,3.5,5.5,0.0,2,0
10/24/2024 18:22:22,1,1,7.0,8.5,7.0,1,3.0,3.0,0.3,1,1.5,1.5,1.5,0,1
10/24/2024 18:22:26,3,1,7.0,7.5,5.5,2,3.0,5.0,4.5,4,5.5,5.5,1.5,2,1
10/24/2024 18:22:51,3,1,7.0,7.5,5.5,3,3.0,7.0,4.5,2,5.5,3.5,5.5,2,0
10/24/2024 18:23:09,3,0,7.0,7.5,5.5,2,5.0,5.0,2.5,3,5.5,3.5,7.0,2,0
10/24/2024 18:23:51,3,1,5.5,6.5,3.5,3,3.0,5.0,7.0,2,5.5,5.5,5.5,1,2
10/24/2024 18:24:47,4,1,5.5,6.5,5.5,3,3.0,5.0,0.3,3,5.5,5.5,7.0,2,1
10/24/2024 18:25:43,4,1,7.0,8.5,5.5,3,5.0,3.0,7.0,2,5.5,5.5,5.5,2,0
10/24/2024 18:26:17,3,0,5.5,8.5,7.0,4,5.0,7.0,4.5,2,3.5,5.5,5.5,3,0
10/24/2024 18:26:44,4,0,5.5,7.5,7.0,4,5.0,5.0,7.0,1,1.5,1.5,3.5,0,1
10/24/2024 18:27:03,3,0,3.5,7.5,7.0,2,0.0,1.0,2.5,1,3.5,1.5,1.5,2,2
10/24/2024 18:27:21,4,0,1.5,8.5,5.5,4,1.0,1.0,0.3,2,3.5,3.5,5.5,2,1
10/24/2024 18:27:39,1,0,5.5,7.5,7.0,4,1.0,0.0,2.5,1,5.5,3.5,5.5,3,0
10/24/2024 18:27:57,3,1,5.5,7.5,3.5,4,7.0,3.0,2.5,2,5.5,5.5,3.5,2,0
10/24/2024 18:28:30,3,1,3.5,7.5,5.5,4,7.0,3.0,2.5,2,5.5,5.5,3.5,1,0
10/24/2024 18:28:49,4,0,1.5,7.5,7.0,4,3.0,5.0,7.0,3,5.5,5.5,7.0,1,1
10/24/2024 18:29:15,4,1,1.5,7.5,3.5,3,5.0,5.0,0.3,3,5.5,1.5,5.5,2,0
10/24/2024 18:29:45,3,0,5.5,8.5,5.5,2,5.0,3.0,7.0,3,3.5,7.0,3.5,2,1
10/24/2024 18:30:09,4,0,5.5,7.5,5.5,2,5.0,5.0,0.3,1,1.5,3.5,3.5,2,1
10/24/2024 18:30:32,3,0,3.5,6.5,5.5,4,1.0,3.0,2.5,1,3.5,3.5,3.5,1,0
10/24/2024 18:30:53,3,0,3.5,7.5,5.5,4,3.0,5.0,0.3,3,5.5,3.5,5.5,2,0
10/24/2024 18:31:12,4,1,3.5,8.5,7.0,1,1.0,3.0,4.5,2,7.0,1.5,1.5,3,1
10/24/2024 18:31:34,3,1,3.5,7.5,7.0,4,5.0,3.0,2.5,4,5.5,5.5,5.5,2,0
10/24/2024 18:31:52,4,1,5.5,7.5,3.5,3,7.0,1.0,0.3,4,3.5,3.5,5.5,2,1
10/24/2024 18:32:46,3,1,1.5,8.5,5.5,4,5.0,3.0,4.5,4,5.5,5.5,5.5,0,0
10/24/2024 18:34:23,4,1,3.5,8.5,5.5,2,1.0,1.0,4.5,2,3.5,3.5,3.5,2,3
10/24/2024 18:34:47,3,1,5.5,8.5,5.5,2,5.0,5.0,4.5,1,3.5,7.0,3.5,2,1
10/24/2024 19:29:15,3,0,7.0,8.5,7.0,4,3.0,5.0,7.0,2,7.0,5.5,5.5,2,1
10/24/2024 19:29:34,3,1,5.5,7.5,5.5,4,7.0,7.0,7.0,3,5.5,5.5,5.5,3,1
10/24/2024 19:29:53,4,0,7.0,7.5,7.0,4,5.0,7.0,7.0,4,7.0,7.0,5.5,3,1
10/24/2024 19:30:35,4,1,7.0,7.5,7.0,2,7.0,3.0,7.0,3,5.5,7.0,5.5,1,1
10/24/2024 19:30:52,3,0,5.5,7.5,7.0,2,3.0,3.0,4.5,3,5.5,5.5,7.0,3,0
10/24/2024 19:31:12,4,1,7.0,8.5,5.5,4,5.0,7.0,4.5,3,5.5,7.0,5.5,3,1
10/24/2024 19:32:25,3,1,7.0,8.5,7.0,3,7.0,5.0,2.5,3,7.0,5.5,5.5,2,0
10/24/2024 19:33:02,4,0,7.0,8.5,7.0,3,5.0,3.0,7.0,2,5.5,7.0,5.5,2,0
10/24/2024 19:33:38,4,0,5.5,7.5,5.5,3,7.0,5.0,4.5,2,3.5,5.5,5.5,2,1
10/24/2024 19:34:01,3,0,7.0,7.5,5.5,4,5.0,5.0,7.0,3,5.5,5.5,7.0,1,1
10/24/2024 19:34:44,4,0,5.5,8.5,7.0,4,5.0,5.0,7.0,4,3.5,3.5,5.5,0,1
10/24/2024 19:35:16,3,1,7.0,7.5,7.0,4,3.0,3.0,4.5,4,3.5,7.0,3.5,2,1
10/24/2024 19:36:18,4,1,5.5,8.5,7.0,3,7.0,7.0,2.5,3,3.5,5.5,7.0,2,0
10/24/2024 19:36:37,2,1,7.0,8.5,7.0,3,5.0,7.0,7.0,1,5.5,7.0,3.5,2,1
10/24/2024 19:36:55,2,1,0.0,7.5,5.5,3,5.0,5.0,2.5,1,7.0,5.5,3.5,2,1
10/24/2024 19:37:16,4,1,5.5,8.5,7.0,3,7.0,7.0,7.0,3,5.5,7.0,5.5,3,1
10/24/2024 19:38:52,3,0,7.0,7.5,3.5,4,5.0,7.0,4.5,2,5.5,5.5,7.0,2,1
10/24/2024 19:39:15,3,0,5.5,7.5,7.0,3,5.0,5.0,7.0,4,3.5,7.0,3.5,3,0
10/24/2024 19:39:38,4,1,5.5,8.5,5.5,3,5.0,7.0,2.5,1,3.5,3.5,7.0,3,1
10/24/2024 19:40:05,4,0,5.5,7.5,7.0,3,3.0,3.0,4.5,3,7.0,5.5,7.0,1,0
10/24/2024 19:40:29,3,1,5.5,8.5,5.5,4,5.0,7.0,7.0,3,5.5,5.5,7.0,1,1
10/24/2024 19:41:29,4,1,3.5,7.5,7.0,4,7.0,7.0,0.3,3,5.5,7.0,7.0,3,1
10/24/2024 19:41:52,3,1,7.0,7.5,5.5,3,1.0,3.0,4.5,1,5.5,5.5,3.5,2,1
10/24/2024 19:43:37,2,0,5.5,7.5,7.0,4,5.0,5.0,4.5,3,5.5,3.5,7.0,2,0
10/24/2024 19:44:02,4,1,7.0,8.5,7.0,3,3.0,3.0,2.5,3,5.5,1.5,5.5,2,0
10/24/2024 19:44:21,4,0,7.0,7.5,5.5,3,3.0,5.0,2.5,3,7.0,7.0,7.0,1,1
10/24/2024 19:45:11,3,1,5.5,7.5,5.5,2,3.0,5.0,4.5,2,1.5,3.5,5.5,2,0
10/24/2024 19:46:57,4,1,5.5,8.5,3.5,4,3.0,3.0,2.5,2,3.5,1.5,5.5,1,0
10/24/2024 19:48:09,3,0,5.5,8.5,5.5,3,5.0,5.0,4.5,3,5.5,7.0,5.5,2,0
10/24/2024 19:50:06,3,0,7.0,7.5,7.0,3,5.0,5.0,4.5,2,3.5,5.5,3.5,1,1
10/24/2024 19:50:39,3,1,3.5,7.5,5.5,3,5.0,1.0,4.5,4,5.5,5.5,5.5,2,0
10/24/2024 19:53:54,4,0,5.5,8.5,7.0,4,5.0,7.0,7.0,3,5.5,5.5,7.0,2,2
10/24/2024 19:55:34,3,0,5.5,8.5,5.5,2,5.0,3.0,2.5,2,1.5,5.5,3.5,1,0
10/24/2024 19:56:15,3,1,5.5,7.5,3.5,3,5.0,5.0,4.5,2,5.5,5.5,3.5,2,1
10/24/2024 19:56:35,3,1,5.5,8.5,7.0,3,5.0,3.0,4.5,2,3.5,7.0,7.0,2,0
10/24/2024 19:59:55,3,0,5.5,7.5,5.5,2,3.0,3.0,4.5,2,5.5,3.5,3.5,2,0
10/24/2024 20:00:33,4,0,3.5,7.5,5.5,3,3.0,3.0,4.5,3,3.5,3.5,5.5,1,0
10/24/2024 20:01:31,3,0,7.0,7.5,3.5,4,5.0,3.0,4.5,2,5.5,5.5,5.5,2,0
10/24/2024 20:15:00,4,1,7.0,8.5,7.0,4,7.0,5.0,4.5,2,1.5,3.5,3.5,2,0
10/24/2024 20:15:20,4,1,3.5,7.5,7.0,4,0.0,1.0,2.5,2,5.5,3.5,3.5,3,0
10/24/2024 20:16:39,4,0,7.0,7.5,5.5,3,3.0,5.0,2.5,2,5.5,5.5,5.5,2,0
10/24/2024 20:16:59,4,0,7.0,7.5,5.5,3,7.0,5.0,4.5,4,7.0,5.5,5.5,2,0
10/24/2024 20:17:36,4,1,3.5,7.5,5.5,4,7.0,5.0,4.5,3,3.5,1.5,3.5,1,2
10/24/2024 20:18:00,3,0,7.0,7.5,5.5,3,5.0,3.0,4.5,3,1.5,5.5,5.5,1,1
10/24/2024 20:20:46,3,1,5.5,7.5,5.5,4,5.0,7.0,7.0,3,5.5,7.0,5.5,3,1
10/24/2024 20:31:06,4,0,7.0,8.5,7.0,4,5.0,5.0,4.5,1,3.5,3.5,5.5,2,1
10/24/2024 20:31:33,3,1,5.5,7.5,3.5,3,7.0,7.0,4.5,2,5.5,5.5,5.5,3,0
10/24/2024 20:32:06,2,1,5.5,8.5,7.0,3,3.0,7.0,2.5,2,5.5,7.0,5.5,2,1
10/24/2024 20:35:16,4,0,5.5,7.5,5.5,3,5.0,5.0,4.5,3,5.5,3.5,3.5,2,0
10/24/2024 20:36:31,3,0,7.0,7.5,7.0,3,3.0,3.0,0.0,3,5.5,5.5,5.5,2,0
10/24/2024 20:37:39,4,0,5.5,8.5,5.5,3,3.0,5.0,4.5,3,5.5,3.5,5.5,2,1
10/24/2024 20:41:20,4,1,5.5,8.5,7.0,4,5.0,5.0,2.5,3,5.5,5.5,5.5,2,0
10/24/2024 20:44:28,3,1,5.5,8.5,5.5,4,5.0,5.0,2.5,2,7.0,5.5,5.5,2,0
10/24/2024 20:44:47,4,1,7.0,8.5,5.5,3,7.0,7.0,7.0,4,3.5,5.5,7.0,3,0
10/24/2024 20:45:15,3,1,3.5,7.5,5.5,3,5.0,7.0,4.5,3,5.5,5.5,5.5,3,1
10/24/2024 20:46:44,3,0,5.5,7.5,5.5,3,7.0,5.0,4.5,3,7.0,5.5,3.5,2,1
10/24/2024 20:49:24,3,1,5.5,7.5,5.5,3,3.0,7.0,4.5,4,5.5,5.5,3.5,2,1
10/24/2024 23:42:01,4,0,5.5,7.5,5.5,3,5.0,5.0,2.5,3,5.5,5.5,3.5,1,1
10/25/2024 13:58:07,4,0,7.0,7.5,7.0,3,3.0,5.0,4.5,3,1.5,3.5,3.5,1,1
10/25/2024 13:59:02,3,1,7.0,8.5,7.0,4,7.0,7.0,2.5,4,7.0,7.0,1.5,2,1
10/25/2024 14:00:04,4,0,7.0,8.5,7.0,3,7.0,5.0,7.0,4,5.5,5.5,5.5,3,1
10/25/2024 14:00:29,2,0,5.5,8.5,7.0,4,7.0,7.0,7.0,3,7.0,5.5,7.0,2,1
10/25/2024 14:00:46,3,1,7.0,7.5,5.5,3,7.0,7.0,7.0,4,7.0,5.5,7.0,2,1
10/25/2024 14:01:05,3,0,5.5,8.5,5.5,3,7.0,5.0,7.0,4,7.0,7.0,7.0,2,1
10/25/2024 14:01:23,4,0,7.0,8.5,5.5,3,5.0,7.0,4.5,4,5.5,7.0,7.0,3,0
10/25/2024 14:02:34,4,0,7.0,8.5,7.0,3,5.0,5.0,7.0,4,7.0,7.0,3.5,3,1
10/25/2024 14:02:52,4,1,7.0,8.5,5.5,4,5.0,7.0,4.5,4,7.0,5.5,7.0,3,1
10/25/2024 14:06:29,4,0,7.0,8.5,5.5,3,5.0,5.0,2.5,3,7.0,7.0,5.5,2,1
10/25/2024 14:07:54,4,0,7.0,8.5,7.0,3,5.0,7.0,4.5,3,5.5,5.5,5.5,2,1
10/25/2024 14:08:24,4,0,7.0,8.5,7.0,4,7.0,7.0,7.0,3,5.5,5.5,5.5,3,1
10/25/2024 14:09:06,3,0,7.0,8.5,7.0,3,7.0,5.0,7.0,4,7.0,5.5,7.0,3,1
10/25/2024 14:09:50,4,1,7.0,8.5,7.0,4,5.0,7.0,7.0,4,7.0,3.5,5.5,3,1
10/25/2024 14:11:59,4,1,5.5,8.5,5.5,4,7.0,7.0,4.5,4,7.0,5.5,7.0,3,1
10/25/2024 14:13:22,4,1,7.0,8.5,7.0,4,7.0,7.0,7.0,3,7.0,7.0,5.5,3,1
10/25/2024 14:13:48,4,0,7.0,7.5,7.0,4,7.0,5.0,7.0,3,7.0,5.5,7.0,3,1
10/25/2024 14:14:18,3,0,7.0,8.5,7.0,3,5.0,5.0,4.5,4,5.5,5.5,5.5,1,1
10/25/2024 14:14:49,3,0,5.5,8.5,7.0,4,3.0,7.0,4.5,3,5.5,5.5,5.5,2,1
10/25/2024 14:15:11,4,0,7.0,8.5,7.0,3,5.0,5.0,4.5,3,7.0,7.0,5.5,2,1
10/25/2024 14:15:45,4,0,0.0,8.5,5.5,4,5.0,5.0,4.5,4,7.0,5.5,7.0,3,0
10/25/2024 14:17:23,4,0,7.0,8.5,5.5,4,7.0,7.0,4.5,4,7.0,5.5,7.0,3,1
10/25/2024 14:18:35,4,0,7.0,7.5,5.5,3,7.0,5.0,4.5,4,7.0,7.0,5.5,3,0
10/25/2024 14:19:58,3,1,7.0,8.5,7.0,3,7.0,7.0,2.5,3,7.0,7.0,5.5,2,1
10/25/2024 14:21:16,4,1,7.0,8.5,7.0,3,5.0,7.0,7.0,4,7.0,5.5,5.5,3,1
10/25/2024 14:21:35,3,1,5.5,7.5,7.0,4,7.0,7.0,4.5,3,7.0,7.0,5.5,3,1
10/25/2024 14:21:53,4,1,7.0,7.5,7.0,3,7.0,5.0,7.0,4,7.0,7.0,7.0,3,0
10/25/2024 14:22:58,4,0,7.0,8.5,5.5,4,5.0,5.0,4.5,3,7.0,7.0,5.5,3,1
10/25/2024 14:23:22,4,0,5.5,7.5,5.5,3,7.0,7.0,7.0,4,5.5,7.0,7.0,3,1
10/25/2024 14:23:41,4,0,7.0,7.5,7.0,4,7.0,5.0,7.0,4,5.5,7.0,7.0,3,1
10/25/2024 14:24:53,4,0,7.0,8.5,7.0,4,7.0,5.0,7.0,3,5.5,5.5,5.5,3,1
10/25/2024 14:26:34,4,0,5.5,7.5,7.0,3,7.0,7.0,7.0,2,7.0,5.5,5.5,3,1
10/25/2024 14:27:36,4,0,5.5,8.5,7.0,4,5.0,7.0,4.5,4,7.0,7.0,7.0,2,1
10/25/2024 14:27:55,4,0,7.0,7.5,5.5,4,5.0,7.0,4.5,4,7.0,7.0,7.0,3,0
10/25/2024 14:28:15,4,0,7.0,7.5,7.0,4,5.0,7.0,4.5,4,7.0,7.0,5.5,3,1
10/25/2024 14:28:44,4,0,7.0,7.5,5.5,4,5.0,7.0,7.0,4,5.5,5.5,5.5,3,1
10/25/2024 14:30:26,4,0,7.0,7.5,5.5,4,5.0,7.0,4.5,3,5.5,5.5,5.5,3,1
10/25/2024 14:31:38,4,0,5.5,8.5,7.0,3,5.0,5.0,4.5,3,5.5,5.5,5.5,2,0
10/25/2024 14:32:08,4,0,5.5,7.5,5.5,4,5.0,5.0,4.5,4,5.5,5.5,7.0,2,1
10/25/2024 14:32:40,3,0,7.0,7.5,7.0,3,5.0,5.0,4.5,3,5.5,5.5,5.5,2,0
10/25/2024 14:33:25,3,0,5.5,8.5,7.0,4,5.0,5.0,4.5,3,7.0,7.0,5.5,2,0
10/25/2024 14:34:24,4,0,7.0,7.5,5.5,3,5.0,5.0,4.5,3,5.5,5.5,5.5,3,1
10/25/2024 14:34:46,3,0,5.5,7.5,7.0,4,7.0,5.0,7.0,4,7.0,7.0,7.0,2,1
10/25/2024 14:35:09,4,0,7.0,8.5,5.5,4,5.0,7.0,7.0,4,7.0,5.5,5.5,2,1
10/25/2024 14:35:31,4,0,7.0,7.5,5.5,3,5.0,7.0,4.5,3,5.5,5.5,5.5,3,1
10/25/2024 14:35:55,4,0,7.0,7.5,5.5,4,7.0,7.0,7.0,4,5.5,5.5,5.5,2,1
10/25/2024 14:36:26,3,1,5.5,7.5,7.0,4,5.0,5.0,7.0,4,5.5,5.5,7.0,2,1
10/25/2024 14:36:51,4,1,5.5,8.5,5.5,4,7.0,7.0,7.0,4,7.0,5.5,7.0,2,1
10/25/2024 14:38:50,4,0,5.5,7.5,5.5,4,7.0,7.0,7.0,4,7.0,5.5,5.5,3,1
10/25/2024 14:39:09,3,0,5.5,8.5,7.0,3,5.0,5.0,7.0,3,5.5,5.5,7.0,3,1
10/25/2024 14:39:43,3,0,5.5,7.5,7.0,4,5.0,7.0,7.0,3,5.5,7.0,5.5,3,0
10/25/2024 14:40:03,3,1,5.5,7.5,5.5,3,5.0,3.0,7.0,3,5.5,7.0,7.0,3,1
10/25/2024 14:40:26,3,0,7.0,8.5,7.0,4,5.0,7.0,4.5,3,5.5,5.5,7.0,3,0
10/25/2024 14:40:44,3,1,7.0,7.5,5.5,3,7.0,3.0,4.5,3,7.0,7.0,7.0,3,1
10/25/2024 14:41:05,3,0,5.5,7.5,5.5,4,7.0,7.0,7.0,4,5.5,7.0,7.0,2,1
10/25/2024 14:44:33,4,0,5.5,7.5,5.5,4,7.0,7.0,4.5,3,5.5,7.0,5.5,3,1
10/25/2024 14:45:02,4,0,7.0,8.5,5.5,4,7.0,5.0,7.0,3,5.5,5.5,5.5,3,1
10/25/2024 14:45:46,4,0,5.5,8.5,7.0,3,7.0,3.0,4.5,3,5.5,5.5,5.5,2,1
10/25/2024 14:46:29,4,0,7.0,7.5,7.0,4,5.0,7.0,4.5,3,7.0,7.0,5.5,2,1
10/25/2024 14:46:59,4,1,7.0,8.5,7.0,4,5.0,5.0,7.0,4,5.5,7.0,7.0,3,1
10/25/2024 14:51:35,4,0,7.0,8.5,5.5,4,7.0,7.0,4.5,3,3.5,5.5,5.5,2,0
10/25/2024 14:53:03,4,1,5.5,7.5,7.0,4,5.0,5.0,4.5,3,5.5,5.5,5.5,2,1
10/25/2024 15:00:28,4,0,7.0,8.5,5.5,4,5.0,5.0,4.5,3,5.5,5.5,5.5,3,1
10/25/2024 15:02:22,4,1,5.5,7.5,5.5,3,5.0,7.0,7.0,4,7.0,7.0,7.0,3,1
10/25/2024 15:03:27,4,0,7.0,8.5,7.0,4,7.0,7.0,7.0,4,7.0,7.0,5.5,3,1
10/25/2024 15:03:49,4,1,7.0,7.5,7.0,4,7.0,7.0,4.5,4,7.0,7.0,7.0,3,1
10/25/2024 15:04:31,4,0,7.0,7.5,7.0,4,7.0,7.0,7.0,4,7.0,7.0,5.5,3,1
10/25/2024 15:05:08,4,0,5.5,8.5,7.0,4,5.0,5.0,2.5,3,5.5,7.0,7.0,3,1
10/25/2024 15:05:59,4,0,7.0,8.5,5.5,3,7.0,7.0,7.0,4,5.5,5.5,7.0,3,1
10/25/2024 15:06:32,4,0,7.0,7.5,5.5,4,7.0,7.0,4.5,4,3.5,7.0,7.0,3,0
10/25/2024 15:06:50,4,0,5.5,7.5,5.5,4,7.0,7.0,7.0,3,7.0,5.5,7.0,3,1
10/25/2024 15:07:09,4,1,7.0,8.5,7.0,4,5.0,5.0,4.5,3,7.0,7.0,5.5,3,1
10/25/2024 15:07:28,4,1,5.5,7.5,7.0,4,7.0,7.0,4.5,3,5.5,7.0,5.5,3,1
10/25/2024 15:08:42,4,0,5.5,8.5,7.0,3,5.0,7.0,7.0,4,5.5,7.0,7.0,2,1
10/25/2024 15:09:52,4,1,5.5,8.5,7.0,4,7.0,7.0,2.5,3,5.5,7.0,7.0,3,1
10/25/2024 15:11:20,4,0,7.0,7.5,5.5,3,5.0,5.0,4.5,4,7.0,5.5,7.0,3,1
10/25/2024 15:12:24,4,0,7.0,8.5,7.0,4,7.0,7.0,4.5,4,7.0,7.0,7.0,3,1
10/25/2024 15:13:13,4,0,7.0,8.5,7.0,4,5.0,7.0,7.0,4,7.0,7.0,7.0,3,1
10/25/2024 15:14:43,4,1,7.0,7.5,7.0,4,7.0,5.0,7.0,4,7.0,7.0,7.0,3,1
10/25/2024 15:16:46,4,1,7.0,8.5,7.0,4,3.0,5.0,4.5,3,5.5,5.5,5.5,3,1
10/25/2024 16:10:27,4,0,7.0,8.5,7.0,3,7.0,7.0,7.0,4,7.0,7.0,5.5,3,1
10/25/2024 16:11:07,4,1,7.0,8.5,7.0,4,7.0,7.0,7.0,4,7.0,7.0,7.0,3,1
10/25/2024 16:12:57,4,0,7.0,8.5,7.0,4,7.0,7.0,7.0,4,7.0,7.0,7.0,3,1
10/25/2024 16:58:40,4,1,7.0,8.5,7.0,4,7.0,7.0,4.5,4,5.5,7.0,7.0,3,0
10/25/2024 16:59:38,4,1,7.0,7.5,7.0,3,5.0,5.0,4.5,4,7.0,5.5,7.0,3,0
10/25/2024 17:37:37,4,1,7.0,8.5,5.5,4,5.0,5.0,4.5,3,7.0,5.5,7.0,2,1
10/25/2024 17:38:08,4,1,5.5,8.5,7.0,4,5.0,7.0,7.0,3,7.0,5.5,7.0,3,1
10/25/2024 17:38:32,3,1,7.0,8.5,7.0,4,5.0,7.0,7.0,4,7.0,5.5,7.0,3,0
10/25/2024 17:40:37,4,0,5.5,8.5,5.5,4,7.0,7.0,7.0,4,7.0,7.0,7.0,3,1
10/25/2024 17:41:11,4,1,7.0,8.5,7.0,4,7.0,7.0,7.0,4,5.5,7.0,7.0,3,1
10/25/2024 18:02:11,3,1,7.0,8.5,7.0,3,5.0,7.0,7.0,3,7.0,7.0,7.0,3,1
10/25/2024 18:02:32,3,1,5.5,7.5,5.5,4,7.0,5.0,7.0,4,7.0,7.0,7.0,2,1
10/25/2024 18:02:53,4,1,7.0,8.5,5.5,3,5.0,5.0,7.0,4,7.0,7.0,5.5,3,0
10/25/2024 18:03:34,4,1,7.0,8.5,7.0,4,7.0,7.0,7.0,3,7.0,7.0,5.5,3,1
10/25/2024 18:04:04,4,0,7.0,8.5,7.0,3,5.0,7.0,7.0,4,5.5,5.5,5.5,3,1
10/25/2024 18:04:24,4,0,5.5,8.5,7.0,4,7.0,7.0,4.5,4,7.0,5.5,7.0,3,0
10/25/2024 19:54:43,4,0,7.0,8.5,7.0,4,7.0,7.0,7.0,4,5.5,7.0,7.0,3,1
10/25/2024 21:10:07,4,0,5.5,7.5,7.0,4,5.0,7.0,4.5,4,5.5,5.5,5.5,2,1
10/26/2024 7:52:34,4,0,5.5,8.5,7.0,4,5.0,5.0,7.0,4,7.0,3.5,5.5,2,0
10/26/2024 7:53:36,4,0,5.5,8.5,7.0,4,5.0,7.0,4.5,3,7.0,7.0,7.0,3,0
10/26/2024 7:53:56,3,0,7.0,8.5,7.0,4,5.0,7.0,7.0,4,5.5,7.0,5.5,2,1
10/26/2024 7:54:18,4,0,7.0,8.5,7.0,3,7.0,7.0,4.5,4,7.0,7.0,5.5,3,0
10/26/2024 7:54:50,4,0,7.0,8.5,7.0,4,5.0,7.0,4.5,3,5.5,7.0,7.0,2,1
10/26/2024 7:55:18,3,0,7.0,7.5,7.0,4,7.0,7.0,4.5,4,7.0,7.0,7.0,2,0
10/26/2024 7:57:08,4,0,5.5,7.5,7.0,3,5.0,7.0,4.5,4,7.0,5.5,7.0,3,1
10/26/2024 7:57:30,4,0,7.0,8.5,7.0,4,7.0,7.0,4.5,4,7.0,7.0,7.0,2,1
10/26/2024 7:58:01,4,0,7.0,8.5,7.0,3,7.0,7.0,7.0,3,5.5,5.5,7.0,3,1
10/26/2024 7:58:21,4,0,7.0,8.5,5.5,4,7.0,5.0,7.0,4,7.0,7.0,7.0,2,1
10/26/2024 7:58:40,3,0,7.0,7.5,7.0,4,5.0,5.0,4.5,4,7.0,7.0,7.0,3,0
10/26/2024 7:58:59,4,0,7.0,8.5,7.0,4,3.0,5.0,4.5,3,5.5,5.5,7.0,3,1
10/26/2024 7:59:21,4,0,7.0,7.5,7.0,4,5.0,7.0,7.0,4,7.0,5.5,7.0,3,1
10/26/2024 7:59:40,4,0,7.0,8.5,7.0,3,7.0,5.0,7.0,3,7.0,7.0,7.0,3,1
10/26/2024 8:00:15,4,0,7.0,8.5,5.5,3,7.0,7.0,7.0,4,7.0,7.0,5.5,3,1
10/26/2024 8:00:46,4,0,7.0,7.5,7.0,4,7.0,5.0,7.0,4,7.0,7.0,5.5,3,2
10/26/2024 8:01:05,4,0,7.0,8.5,7.0,4,7.0,7.0,7.0,4,7.0,5.5,7.0,3,1
10/26/2024 8:02:03,4,0,7.0,8.5,7.0,3,7.0,5.0,4.5,4,7.0,5.5,7.0,3,1
10/26/2024 8:02:44,4,0,7.0,8.5,5.5,3,7.0,7.0,7.0,4,5.5,5.5,7.0,3,1
10/26/2024 8:03:07,3,0,7.0,8.5,7.0,4,5.0,5.0,4.5,3,5.5,5.5,5.5,2,1
10/26/2024 8:03:45,4,0,7.0,8.5,7.0,4,7.0,7.0,4.5,4,5.5,7.0,5.5,3,1
10/26/2024 8:07:04,4,0,7.0,7.5,7.0,4,7.0,7.0,4.5,3,5.5,7.0,5.5,3,1
10/26/2024 8:07:34,4,0,7.0,8.5,5.5,4,7.0,7.0,4.5,4,5.5,7.0,7.0,3,1
10/26/2024 8:08:49,4,0,7.0,8.5,5.5,4,7.0,7.0,7.0,4,5.5,7.0,7.0,3,0
10/26/2024 8:22:11,4,0,7.0,8.5,7.0,4,7.0,5.0,7.0,4,7.0,7.0,7.0,3,1
10/26/2024 8:32:28,4,0,7.0,8.5,5.5,4,7.0,7.0,7.0,4,5.5,7.0,7.0,3,1
10/26/2024 8:33:27,4,0,7.0,7.5,7.0,3,7.0,7.0,7.0,4,5.5,5.5,5.5,3,0
10/26/2024 8:34:27,4,0,7.0,8.5,7.0,4,5.0,7.0,7.0,4,7.0,5.5,7.0,3,1
10/26/2024 8:36:25,4,1,7.0,7.5,5.5,4,7.0,7.0,4.5,4,7.0,5.5,7.0,2,1
10/26/2024 8:50:52,4,0,7.0,8.5,5.5,4,5.0,5.0,4.5,3,5.5,5.5,5.5,2,0
10/26/2024 8:52:12,4,0,7.0,8.5,7.0,4,5.0,7.0,7.0,3,5.5,5.5,7.0,3,1
10/26/2024 8:55:29,4,0,7.0,8.5,7.0,4,7.0,7.0,4.5,4,7.0,5.5,7.0,3,1
10/26/2024 8:55:48,4,0,5.5,7.5,5.5,4,7.0,5.0,4.5,4,7.0,7.0,5.5,3,0
10/26/2024 8:56:07,4,0,7.0,8.5,5.5,4,7.0,7.0,7.0,3,5.5,7.0,7.0,3,1
10/26/2024 8:57:12,4,0,7.0,8.5,7.0,4,5.0,5.0,4.5,4,7.0,7.0,7.0,3,1
10/26/2024 8:58:38,4,0,7.0,8.5,7.0,3,7.0,5.0,7.0,4,5.5,7.0,5.5,3,1
10/26/2024 8:58:58,4,0,5.5,8.5,5.5,3,7.0,7.0,4.5,4,7.0,5.5,7.0,3,0
10/26/2024 9:06:53,4,0,7.0,7.5,7.0,4,5.0,7.0,7.0,3,7.0,5.5,7.0,3,1
10/26/2024 9:09:25,4,0,7.0,8.5,7.0,4,7.0,7.0,7.0,4,7.0,7.0,7.0,3,1
10/26/2024 9:12:38,4,0,7.0,7.5,5.5,4,7.0,7.0,7.0,4,3.5,5.5,7.0,3,0
10/26/2024 9:16:00,4,0,7.0,7.5,5.5,3,7.0,7.0,4.5,3,5.5,5.5,7.0,3,1
10/26/2024 9:54:07,4,1,7.0,8.5,7.0,4,7.0,7.0,4.5,4,7.0,7.0,7.0,3,1
10/26/2024 9:55:04,4,0,7.0,8.5,7.0,4,7.0,7.0,7.0,4,7.0,5.5,5.5,2,1
10/26/2024 9:57:26,4,0,7.0,7.5,7.0,4,7.0,7.0,4.5,4,5.5,7.0,7.0,3,2
10/26/2024 10:00:32,4,0,7.0,7.5,7.0,4,3.0,7.0,7.0,4,7.0,7.0,7.0,3,1
10/26/2024 10:00:58,3,0,7.0,8.5,5.5,4,7.0,7.0,7.0,3,7.0,7.0,7.0,3,0
10/26/2024 10:01:52,4,0,7.0,7.5,5.5,4,7.0,7.0,4.5,3,7.0,7.0,7.0,3,1
10/26/2024 10:02:09,4,1,5.5,8.5,7.0,2,7.0,7.0,7.0,3,7.0,5.5,7.0,3,1
10/26/2024 10:02:26,3,1,7.0,8.5,7.0,4,7.0,7.0,4.5,4,5.5,7.0,7.0,3,0
10/26/2024 10:08:51,3,1,5.5,7.5,7.0,4,7.0,5.0,4.5,3,5.5,5.5,7.0,3,1
10/26/2024 10:09:25,4,1,7.0,8.5,7.0,3,5.0,7.0,4.5,4,7.0,7.0,7.0,3,0
10/26/2024 10:10:15,4,0,7.0,8.5,5.5,3,5.0,7.0,7.0,4,7.0,7.0,7.0,3,0
10/26/2024 10:11:18,3,1,5.5,8.5,5.5,4,7.0,5.0,7.0,4,7.0,5.5,5.5,3,1
10/26/2024 10:11:41,4,0,7.0,7.5,7.0,4,7.0,7.0,7.0,4,7.0,7.0,7.0,2,1
10/26/2024 10:13:01,4,0,5.5,7.5,5.5,4,5.0,7.0,7.0,4,7.0,7.0,7.0,2,1
10/26/2024 10:13:37,4,0,7.0,8.5,7.0,4,7.0,7.0,7.0,4,7.0,7.0,7.0,3,0
10/26/2024 10:14:22,4,0,7.0,7.5,7.0,4,5.0,7.0,7.0,3,7.0,7.0,7.0,3,1
10/26/2024 10:14:59,4,0,7.0,7.5,7.0,4,3.0,5.0,7.0,4,7.0,7.0,7.0,3,1
10/26/2024 10:15:20,4,1,5.5,8.5,7.0,4,7.0,7.0,7.0,4,7.0,5.5,7.0,3,1
10/26/2024 10:16:32,4,0,5.5,7.5,7.0,4,7.0,7.0,7.0,4,5.5,5.5,7.0,3,1
10/26/2024 10:28:58,4,0,5.5,7.5,7.0,3,7.0,5.0,7.0,4,5.5,7.0,5.5,2,1
10/26/2024 10:29:17,4,0,5.5,8.5,7.0,3,7.0,7.0,4.5,3,5.5,7.0,7.0,2,1
10/26/2024 13:55:02,4,0,7.0,8.5,5.5,3,7.0,5.0,4.5,3,5.5,7.0,7.0,3,0
10/26/2024 13:55:34,4,0,7.0,7.5,7.0,4,5.0,7.0,4.5,4,5.5,5.5,7.0,3,1
10/26/2024 13:56:00,4,0,5.5,6.5,5.5,3,5.0,5.0,4.5,4,7.0,7.0,7.0,3,0
10/26/2024 13:56:24,4,0,7.0,8.5,7.0,4,5.0,7.0,7.0,4,7.0,7.0,5.5,3,1
10/26/2024 13:56:53,4,0,7.0,6.5,5.5,3,5.0,7.0,7.0,4,7.0,7.0,7.0,3,1
10/26/2024 13:57:20,1,0,7.0,7.5,7.0,4,5.0,7.0,7.0,4,7.0,7.0,7.0,3,0
10/26/2024 13:57:40,3,0,7.0,8.5,7.0,4,5.0,7.0,7.0,4,5.5,5.5,7.0,3,1
10/26/2024 13:57:57,4,1,7.0,8.5,5.5,4,7.0,7.0,7.0,4,5.5,7.0,7.0,3,1
10/26/2024 13:58:14,4,1,5.5,8.5,5.5,4,7.0,7.0,4.5,4,7.0,7.0,7.0,3,1
10/26/2024 13:58:31,4,0,7.0,8.5,5.5,4,7.0,5.0,7.0,4,7.0,5.5,5.5,3,1
10/26/2024 13:58:48,4,0,7.0,8.5,7.0,3,5.0,7.0,7.0,4,7.0,5.5,7.0,3,1
10/26/2024 13:59:05,4,1,7.0,8.5,7.0,4,7.0,5.0,7.0,4,7.0,7.0,7.0,3,1
10/26/2024 13:59:24,3,0,7.0,8.5,7.0,3,7.0,7.0,2.5,3,7.0,7.0,5.5,3,1
10/26/2024 13:59:41,4,0,7.0,8.5,7.0,4,7.0,7.0,7.0,4,5.5,5.5,7.0,3,0
10/26/2024 14:00:04,3,0,5.5,7.5,7.0,4,5.0,7.0,7.0,3,7.0,7.0,5.5,2,1
10/26/2024 14:00:20,4,0,7.0,8.5,7.0,3,7.0,7.0,7.0,3,7.0,7.0,5.5,3,0
10/26/2024 14:00:42,4,1,7.0,8.5,7.0,4,3.0,5.0,2.5,3,5.5,7.0,5.5,3,1
10/26/2024 14:01:00,4,0,7.0,7.5,5.5,4,5.0,7.0,7.0,2,7.0,5.5,5.5,3,3
10/26/2024 14:01:17,4,0,7.0,7.5,5.5,2,5.0,7.0,4.5,4,5.5,5.5,7.0,3,0
10/26/2024 14:01:35,4,0,5.5,8.5,5.5,4,5.0,5.0,4.5,3,7.0,7.0,5.5,3,0
10/26/2024 14:01:52,4,0,7.0,8.5,7.0,3,5.0,7.0,4.5,4,5.5,5.5,5.5,3,0
10/26/2024 14:02:18,3,0,5.5,8.5,5.5,4,7.0,7.0,7.0,3,7.0,5.5,5.5,3,1
10/26/2024 14:02:37,3,0,7.0,6.5,7.0,4,5.0,7.0,4.5,4,7.0,5.5,7.0,3,0
10/26/2024 14:02:58,4,0,5.5,7.5,5.5,4,5.0,5.0,7.0,4,5.5,7.0,7.0,2,0
10/26/2024 14:03:17,3,1,7.0,7.5,7.0,4,3.0,5.0,4.5,4,7.0,5.5,7.0,3,1
10/26/2024 14:03:37,2,0,5.5,7.5,5.5,4,5.0,3.0,7.0,3,5.5,5.5,5.5,3,0
10/26/2024 14:03:57,3,1,5.5,8.5,5.5,4,3.0,5.0,7.0,4,3.5,7.0,7.0,3,1
10/26/2024 14:04:14,2,1,3.5,7.5,5.5,3,5.0,5.0,4.5,3,5.5,7.0,7.0,3,0
10/26/2024 14:04:37,4,0,7.0,8.5,7.0,4,7.0,7.0,7.0,4,5.5,5.5,7.0,3,1
10/26/2024 14:04:55,4,0,5.5,8.5,5.5,3,5.0,5.0,7.0,3,5.5,5.5,7.0,3,0
10/26/2024 14:05:12,4,0,5.5,7.5,5.5,4,7.0,5.0,4.5,3,5.5,5.5,5.5,2,0
10/26/2024 14:05:33,2,0,5.5,7.5,3.5,3,3.0,7.0,4.5,3,5.5,5.5,5.5,2,0
10/26/2024 14:05:50,4,0,7.0,8.5,5.5,3,5.0,5.0,4.5,3,5.5,5.5,3.5,2,0
10/26/2024 14:06:08,4,0,7.0,7.5,7.0,3,5.0,5.0,4.5,3,5.5,7.0,7.0,3,1
10/26/2024 14:06:26,4,0,5.5,7.5,7.0,3,5.0,5.0,7.0,4,5.5,5.5,7.0,2,1
10/26/2024 14:06:42,3,0,7.0,7.5,5.5,3,7.0,5.0,7.0,4,7.0,5.5,7.0,3,0
10/26/2024 14:06:59,4,0,7.0,7.5,7.0,3,7.0,7.0,7.0,4,5.5,7.0,7.0,3,1
10/26/2024 14:07:15,3,1,7.0,7.5,7.0,4,5.0,5.0,4.5,3,7.0,7.0,5.5,2,2
10/26/2024 14:07:40,4,0,5.5,7.5,5.5,3,7.0,5.0,2.5,2,5.5,5.5,3.5,2,0
10/26/2024 14:07:56,2,1,7.0,7.5,5.5,3,5.0,5.0,2.5,3,5.5,5.5,7.0,3,0
10/26/2024 14:08:15,3,0,5.5,7.5,7.0,4,5.0,5.0,4.5,4,5.5,7.0,7.0,3,0
10/26/2024 14:08:31,3,0,7.0,8.5,7.0,4,7.0,5.0,7.0,3,5.5,7.0,7.0,2,1
10/26/2024 14:08:46,3,0,5.5,8.5,7.0,4,7.0,7.0,7.0,4,7.0,7.0,7.0,3,1
10/26/2024 14:09:03,3,0,5.5,7.5,5.5,3,5.0,7.0,7.0,3,5.5,7.0,7.0,3,2
10/26/2024 14:09:21,4,0,7.0,8.5,5.5,4,5.0,7.0,7.0,4,5.5,7.0,5.5,2,2
10/26/2024 14:09:45,4,0,7.0,8.5,5.5,4,5.0,7.0,4.5,4,5.5,7.0,7.0,3,1
10/26/2024 14:10:09,3,1,7.0,7.5,5.5,3,5.0,7.0,7.0,3,7.0,5.5,5.5,2,0
10/26/2024 14:10:57,4,0,5.5,7.5,5.5,3,7.0,7.0,7.0,3,5.5,5.5,7.0,3,0
10/26/2024 14:11:17,3,0,5.5,8.5,5.5,4,7.0,7.0,7.0,3,5.5,5.5,3.5,2,0
10/26/2024 14:11:50,3,1,5.5,8.5,7.0,3,7.0,7.0,7.0,3,7.0,5.5,5.5,2,0
10/26/2024 14:12:07,3,0,5.5,7.5,5.5,3,5.0,7.0,2.5,4,5.5,5.5,5.5,2,0
10/26/2024 14:12:24,4,0,7.0,8.5,3.5,3,5.0,5.0,7.0,3,5.5,7.0,5.5,2,0
10/26/2024 14:12:42,4,1,5.5,8.5,7.0,4,5.0,5.0,4.5,4,5.5,5.5,5.5,3,0
10/26/2024 14:13:50,4,1,5.5,7.5,5.5,4,7.0,7.0,7.0,3,7.0,5.5,7.0,3,1
10/26/2024 14:14:11,3,0,5.5,7.5,5.5,3,5.0,5.0,4.5,3,5.5,5.5,7.0,3,1
10/26/2024 14:14:29,4,0,7.0,8.5,5.5,3,7.0,7.0,4.5,4,7.0,7.0,5.5,3,0
10/26/2024 14:16:13,3,1,7.0,7.5,5.5,3,5.0,5.0,4.5,3,3.5,5.5,5.5,3,0
10/26/2024 14:16:58,4,0,5.5,7.5,7.0,3,5.0,5.0,7.0,3,7.0,5.5,7.0,3,0
10/26/2024 14:17:27,3,1,5.5,7.5,7.0,3,5.0,7.0,7.0,3,5.5,7.0,5.5,3,0
10/26/2024 14:17:51,3,0,7.0,8.5,5.5,4,7.0,7.0,4.5,3,5.5,5.5,5.5,2,1
10/26/2024 14:18:44,3,0,5.5,7.5,5.5,3,5.0,5.0,4.5,3,5.5,5.5,7.0,2,1
10/26/2024 14:19:10,3,0,5.5,7.5,5.5,4,7.0,5.0,4.5,3,5.5,7.0,5.5,2,0
10/26/2024 14:19:32,3,1,7.0,7.5,5.5,3,5.0,5.0,4.5,3,5.5,5.5,7.0,3,0
10/26/2024 14:19:54,4,0,7.0,7.5,7.0,3,5.0,5.0,4.5,3,7.0,7.0,7.0,2,1
10/26/2024 14:22:58,4,0,5.5,7.5,5.5,3,5.0,5.0,4.5,3,5.5,5.5,7.0,3,0
10/26/2024 14:23:32,4,0,7.0,8.5,7.0,3,5.0,5.0,4.5,3,5.5,5.5,7.0,3,0
10/26/2024 14:24:07,3,0,7.0,8.5,5.5,3,5.0,5.0,7.0,4,7.0,7.0,7.0,3,0
10/26/2024 14:24:32,4,0,7.0,8.5,5.5,3,5.0,5.0,7.0,4,5.5,5.5,5.5,3,1
10/26/2024 14:27:32,4,0,7.0,7.5,7.0,4,5.0,5.0,4.5,3,7.0,7.0,7.0,2,1
10/26/2024 14:27:50,4,0,7.0,8.5,7.0,4,5.0,5.0,7.0,4,5.5,7.0,5.5,3,1
10/26/2024 14:28:07,4,0,7.0,8.5,7.0,4,5.0,7.0,7.0,3,7.0,7.0,5.5,3,1
10/26/2024 14:28:24,4,1,7.0,7.5,5.5,4,7.0,7.0,4.5,3,5.5,5.5,7.0,3,1
10/26/2024 14:28:44,4,1,7.0,8.5,7.0,4,7.0,5.0,4.5,4,5.5,5.5,5.5,3,1
10/26/2024 14:29:03,4,0,7.0,8.5,5.5,4,5.0,7.0,4.5,3,5.5,5.5,5.5,2,0
10/26/2024 14:29:20,4,0,7.0,8.5,5.5,4,5.0,3.0,4.5,4,7.0,5.5,7.0,3,0
10/26/2024 14:34:28,4,0,7.0,8.5,5.5,3,5.0,5.0,4.5,3,5.5,7.0,7.0,2,0
10/26/2024 14:35:27,2,1,5.5,8.5,7.0,4,5.0,5.0,7.0,4,7.0,7.0,7.0,3,1
10/26/2024 14:36:23,4,1,7.0,8.5,7.0,4,7.0,7.0,4.5,4,5.5,7.0,7.0,3,0
10/26/2024 15:25:18,4,0,5.5,7.5,5.5,4,5.0,5.0,4.5,2,5.5,5.5,5.5,2,0
10/26/2024 15:25:36,3,1,5.5,7.5,5.5,4,5.0,5.0,7.0,4,7.0,5.5,5.5,3,0
10/26/2024 15:26:02,4,1,5.5,7.5,5.5,2,3.0,3.0,2.5,4,5.5,5.5,5.5,3,0
10/26/2024 15:26:47,4,0,5.5,7.5,5.5,0,7.0,5.0,4.5,3,5.5,5.5,7.0,2,0
10/26/2024 15:27:12,4,1,3.5,7.5,5.5,0,5.0,5.0,4.5,3,5.5,5.5,5.5,2,0
10/26/2024 15:27:34,4,0,5.5,7.5,5.5,1,5.0,5.0,4.5,3,5.5,5.5,5.5,2,0
10/26/2024 15:27:56,4,0,5.5,7.5,5.5,0,5.0,7.0,4.5,3,5.5,5.5,5.5,2,1
10/26/2024 15:28:17,4,1,5.5,7.5,7.0,1,3.0,7.0,4.5,3,5.5,5.5,5.5,2,0
10/26/2024 15:28:49,4,0,7.0,7.5,3.5,0,5.0,5.0,4.5,3,5.5,5.5,7.0,3,0
10/26/2024 15:29:24,4,0,5.5,8.5,3.5,0,7.0,7.0,2.5,3,3.5,5.5,5.5,2,0
10/26/2024 15:55:54,3,0,5.5,7.5,5.5,0,7.0,5.0,7.0,3,5.5,7.0,7.0,3,1
10/26/2024 15:56:16,1,0,7.0,8.5,5.5,0,7.0,5.0,7.0,4,5.5,7.0,7.0,3,1
10/26/2024 15:56:35,3,0,7.0,8.5,5.5,0,7.0,5.0,4.5,3,5.5,7.0,5.5,2,1
10/26/2024 15:56:57,4,0,7.0,8.5,7.0,0,7.0,7.0,7.0,4,5.5,7.0,5.5,2,1
10/26/2024 15:57:17,4,0,5.5,8.5,5.5,0,5.0,7.0,7.0,4,5.5,7.0,7.0,3,1
10/26/2024 15:57:40,4,0,7.0,7.5,3.5,0,7.0,5.0,4.5,4,7.0,7.0,7.0,3,1
10/26/2024 15:58:02,4,1,7.0,8.5,7.0,0,5.0,7.0,4.5,4,7.0,7.0,5.5,3,1
10/26/2024 15:58:31,4,0,7.0,8.5,7.0,0,7.0,7.0,7.0,3,7.0,7.0,7.0,3,1
10/26/2024 15:58:52,4,0,7.0,8.5,7.0,0,7.0,7.0,7.0,4,7.0,7.0,7.0,3,1
10/26/2024 15:59:25,4,1,7.0,8.5,5.5,0,7.0,7.0,7.0,4,7.0,7.0,7.0,3,1
10/26/2024 15:59:42,4,0,7.0,7.5,7.0,0,5.0,5.0,4.5,4,7.0,7.0,7.0,3,1
10/26/2024 16:00:18,4,1,5.5,7.5,5.5,0,5.0,7.0,7.0,4,7.0,5.5,5.5,3,1
10/26/2024 16:00:42,4,1,7.0,8.5,7.0,0,7.0,7.0,7.0,4,7.0,7.0,5.5,3,1
10/26/2024 16:01:05,4,0,7.0,8.5,7.0,0,7.0,7.0,7.0,3,7.0,7.0,7.0,3,1
10/26/2024 16:01:23,4,1,7.0,8.5,7.0,0,7.0,7.0,7.0,4,7.0,7.0,7.0,3,1
10/26/2024 16:01:42,4,1,7.0,8.5,5.5,0,7.0,7.0,4.5,3,7.0,7.0,5.5,3,1
10/26/2024 16:02:06,4,0,7.0,8.5,5.5,0,7.0,7.0,4.5,4,7.0,7.0,7.0,3,1
10/26/2024 16:02:31,4,0,7.0,8.5,5.5,0,7.0,5.0,7.0,4,7.0,7.0,7.0,3,1
10/26/2024 16:03:09,3,1,7.0,8.5,7.0,0,7.0,5.0,7.0,4,7.0,7.0,7.0,3,1
10/26/2024 16:03:28,3,0,7.0,7.5,7.0,0,7.0,7.0,7.0,4,7.0,7.0,7.0,3,1
10/26/2024 16:04:19,3,0,7.0,8.5,7.0,0,7.0,7.0,7.0,4,5.5,7.0,5.5,3,1
10/26/2024 16:04:38,4,0,7.0,8.5,7.0,0,7.0,7.0,7.0,4,7.0,7.0,7.0,3,1
10/26/2024 16:04:56,4,0,7.0,8.5,7.0,0,7.0,7.0,7.0,4,5.5,7.0,7.0,3,1
10/26/2024 16:05:17,4,0,7.0,8.5,7.0,0,5.0,7.0,7.0,3,7.0,7.0,7.0,3,1
10/26/2024 16:07:55,4,0,7.0,8.5,7.0,0,7.0,7.0,7.0,4,7.0,7.0,7.0,3,1
10/26/2024 16:08:15,4,0,7.0,8.5,7.0,0,7.0,7.0,7.0,4,7.0,7.0,7.0,3,1
10/26/2024 16:09:58,4,0,7.0,8.5,7.0,0,7.0,7.0,7.0,4,7.0,7.0,7.0,3,1
10/26/2024 16:10:19,3,1,7.0,8.5,7.0,0,7.0,7.0,7.0,4,7.0,7.0,7.0,3,1
10/26/2024 16:10:40,4,1,7.0,8.5,7.0,0,7.0,7.0,7.0,4,7.0,7.0,7.0,3,1
10/26/2024 16:12:18,3,0,7.0,8.5,5.5,0,7.0,5.0,4.5,3,7.0,7.0,3.5,3,0
10/26/2024 16:12:51,1,0,7.0,8.5,7.0,0,7.0,7.0,4.5,3,5.5,5.5,3.5,2,1
10/26/2024 16:13:21,3,0,5.5,7.5,5.5,0,7.0,5.0,4.5,4,7.0,5.5,5.5,3,1
10/26/2024 16:13:51,4,0,7.0,8.5,5.5,0,5.0,5.0,0.0,3,3.5,5.5,3.5,3,1
10/26/2024 16:14:26,3,1,7.0,7.5,5.5,0,5.0,5.0,4.5,3,5.5,7.0,5.5,2,0
10/26/2024 16:14:45,3,0,5.5,7.5,5.5,0,5.0,5.0,4.5,3,5.5,5.5,5.5,3,1
10/26/2024 16:15:09,4,0,7.0,7.5,5.5,0,5.0,5.0,4.5,3,5.5,5.5,5.5,2,1
10/26/2024 16:19:38,4,0,7.0,8.5,7.0,0,7.0,5.0,7.0,4,7.0,7.0,3.5,3,1
10/26/2024 16:20:00,4,1,5.5,7.5,5.5,0,5.0,7.0,4.5,4,5.5,5.5,5.5,2,0
10/26/2024 16:20:31,3,0,5.5,7.5,5.5,0,5.0,5.0,4.5,3,7.0,7.0,1.5,3,1
10/26/2024 16:21:08,3,0,7.0,8.5,5.5,0,5.0,5.0,4.5,2,7.0,5.5,1.5,2,1
10/26/2024 16:21:38,2,0,5.5,7.5,5.5,0,5.0,5.0,4.5,3,5.5,5.5,1.5,2,0
10/26/2024 16:21:59,4,0,7.0,7.5,5.5,0,5.0,5.0,4.5,3,5.5,5.5,5.5,3,1
10/26/2024 16:23:03,3,0,7.0,8.5,5.5,0,5.0,5.0,4.5,3,5.5,5.5,1.5,3,1
10/26/2024 16:23:24,4,0,7.0,7.5,7.0,0,5.0,7.0,7.0,3,7.0,7.0,7.0,2,0
10/26/2024 16:23:51,4,0,5.5,7.5,5.5,0,5.0,7.0,4.5,4,7.0,5.5,5.5,2,1
10/26/2024 16:24:13,4,1,5.5,7.5,5.5,0,5.0,5.0,4.5,3,5.5,7.0,5.5,2,1
10/26/2024 16:28:54,3,1,5.5,8.5,5.5,0,7.0,5.0,4.5,4,7.0,5.5,7.0,3,0
10/26/2024 16:29:16,3,0,5.5,8.5,5.5,0,5.0,5.0,4.5,3,5.5,5.5,5.5,2,4
10/26/2024 16:29:57,3,0,7.0,7.5,5.5,0,5.0,5.0,4.5,3,5.5,5.5,5.5,2,1
10/26/2024 16:30:27,3,0,5.5,7.5,5.5,0,5.0,5.0,4.5,3,5.5,5.5,1.5,2,0
10/26/2024 16:30:51,3,0,5.5,7.5,5.5,0,7.0,5.0,4.5,3,5.5,5.5,5.5,2,1
10/26/2024 16:31:14,4,0,7.0,7.5,7.0,0,7.0,5.0,4.5,3,5.5,5.5,5.5,2,1
10/26/2024 16:31:35,4,0,7.0,7.5,5.5,0,7.0,5.0,4.5,3,5.5,5.5,5.5,3,1
10/26/2024 16:31:55,3,0,7.0,7.5,7.0,0,7.0,7.0,4.5,4,5.5,5.5,7.0,3,1
10/26/2024 16:32:15,4,1,7.0,8.5,5.5,0,5.0,5.0,7.0,2,3.5,3.5,3.5,2,0
10/26/2024 16:39:11,3,0,5.5,8.5,5.5,0,5.0,5.0,4.5,3,0.0,3.5,3.5,2,1
10/26/2024 16:39:36,3,0,7.0,7.5,5.5,0,5.0,3.0,4.5,3,5.5,5.5,5.5,2,2
10/26/2024 16:40:00,4,0,5.5,7.5,5.5,0,5.0,5.0,4.5,3,5.5,5.5,3.5,2,0
10/26/2024 16:40:21,3,1,7.0,7.5,7.0,0,5.0,7.0,4.5,3,7.0,5.5,5.5,3,0
10/26/2024 16:40:42,3,0,5.5,6.5,5.5,0,5.0,5.0,4.5,3,5.5,5.5,5.5,2,0
10/26/2024 16:41:02,4,0,5.5,7.5,5.5,0,7.0,5.0,4.5,4,5.5,5.5,5.5,2,0
10/26/2024 16:41:22,4,0,5.5,7.5,3.5,0,7.0,5.0,4.5,3,5.5,5.5,3.5,2,1
10/26/2024 16:41:43,3,0,5.5,7.5,5.5,0,5.0,5.0,4.5,3,5.5,5.5,5.5,2,0
10/26/2024 16:42:02,3,0,7.0,7.5,5.5,0,5.0,5.0,4.5,3,5.5,5.5,3.5,3,1
10/26/2024 16:42:19,3,0,5.5,7.5,5.5,0,5.0,5.0,4.5,3,5.5,5.5,5.5,2,1
10/26/2024 16:42:41,4,0,5.5,7.5,5.5,0,5.0,5.0,4.5,2,7.0,5.5,5.5,2,1
10/26/2024 16:43:00,4,0,5.5,7.5,5.5,0,5.0,5.0,7.0,3,5.5,5.5,5.5,2,0
10/26/2024 16:43:18,4,0,7.0,8.5,5.5,0,7.0,5.0,4.5,4,5.5,7.0,5.5,2,1
10/26/2024 16:43:39,3,1,5.5,8.5,5.5,0,7.0,5.0,4.5,3,7.0,5.5,5.5,3,1
10/26/2024 16:43:56,4,0,5.5,7.5,5.5,0,5.0,5.0,7.0,4,7.0,5.5,5.5,3,1
10/26/2024 16:44:13,3,0,5.5,7.5,5.5,0,5.0,5.0,7.0,3,7.0,7.0,5.5,2,0
10/26/2024 16:47:13,4,0,5.5,7.5,3.5,0,5.0,5.0,4.5,3,5.5,5.5,5.5,2,0
10/26/2024 16:47:35,4,0,5.5,7.5,5.5,0,5.0,5.0,4.5,3,3.5,5.5,3.5,2,1
10/26/2024 16:48:43,3,0,5.5,7.5,5.5,0,5.0,5.0,4.5,2,5.5,5.5,5.5,2,1
10/26/2024 16:49:03,3,0,5.5,7.5,5.5,0,5.0,5.0,2.5,3,5.5,5.5,5.5,2,0
10/26/2024 16:49:24,1,0,5.5,7.5,5.5,0,5.0,5.0,4.5,3,5.5,5.5,5.5,2,0
10/26/2024 16:49:48,4,0,5.5,7.5,5.5,0,5.0,5.0,4.5,3,5.5,5.5,5.5,2,0
10/26/2024 16:52:42,3,1,5.5,7.5,5.5,0,3.0,5.0,4.5,3,5.5,5.5,5.5,2,0
10/26/2024 16:53:29,3,0,5.5,7.5,5.5,0,5.0,5.0,4.5,3,5.5,5.5,5.5,2,1
10/26/2024 16:53:48,3,0,5.5,7.5,5.5,0,5.0,5.0,4.5,3,7.0,5.5,5.5,3,0
10/26/2024 16:54:11,3,0,7.0,7.5,5.5,0,5.0,5.0,4.5,4,7.0,5.5,5.5,3,1
10/26/2024 17:06:19,4,0,3.5,7.5,5.5,0,5.0,5.0,4.5,3,5.5,7.0,5.5,2,0
10/27/2024 0:41:18,3,0,5.5,7.5,7.0,0,5.0,5.0,4.5,2,5.5,7.0,3.5,2,1
10/27/2024 0:45:51,3,0,7.0,7.5,5.5,0,7.0,5.0,4.5,3,5.5,7.0,5.5,3,1
10/27/2024 0:47:01,4,1,5.5,7.5,5.5,0,3.0,3.0,2.5,2,5.5,5.5,5.5,2,1
10/27/2024 0:47:22,4,1,5.5,7.5,5.5,0,5.0,5.0,4.5,3,7.0,5.5,5.5,2,1
10/27/2024 0:47:39,4,0,7.0,8.5,7.0,4,7.0,7.0,4.5,3,7.0,7.0,7.0,3,1
10/27/2024 0:47:58,3,0,7.0,8.5,7.0,0,5.0,7.0,7.0,4,5.5,7.0,5.5,3,1
10/27/2024 0:49:36,3,0,5.5,8.5,7.0,0,5.0,5.0,4.5,3,5.5,5.5,5.5,2,1
10/27/2024 0:49:56,4,0,7.0,7.5,5.5,0,5.0,7.0,4.5,3,7.0,7.0,5.5,3,1
10/27/2024 0:50:23,3,0,7.0,7.5,5.5,0,7.0,5.0,4.5,3,7.0,7.0,5.5,3,1
10/27/2024 0:50:50,3,0,7.0,7.5,5.5,0,7.0,5.0,7.0,2,5.5,5.5,5.5,3,1
10/27/2024 0:51:10,3,0,7.0,7.5,5.5,0,5.0,5.0,7.0,4,5.5,1.5,7.0,2,1
10/27/2024 0:51:32,3,0,5.5,7.5,5.5,0,5.0,7.0,4.5,3,7.0,7.0,7.0,3,1
10/27/2024 0:51:51,4,0,5.5,8.5,7.0,0,7.0,3.0,7.0,4,5.5,5.5,7.0,3,1
10/27/2024 0:52:08,3,0,5.5,8.5,5.5,0,7.0,5.0,4.5,4,5.5,5.5,7.0,2,0
10/27/2024 0:53:53,4,0,5.5,8.5,5.5,0,5.0,7.0,7.0,4,5.5,5.5,5.5,3,1
10/27/2024 0:54:47,4,1,7.0,8.5,7.0,0,7.0,7.0,4.5,4,7.0,7.0,5.5,2,1
10/27/2024 0:56:04,3,0,5.5,7.5,5.5,0,7.0,5.0,7.0,3,3.5,5.5,7.0,3,1
10/27/2024 0:56:25,3,1,5.5,8.5,5.5,0,7.0,3.0,4.5,2,5.5,5.5,3.5,2,1
10/27/2024 0:56:43,4,0,7.0,8.5,5.5,0,5.0,5.0,4.5,3,3.5,3.5,7.0,3,1
10/27/2024 0:57:55,3,0,7.0,7.5,5.5,0,3.0,7.0,4.5,3,5.5,5.5,7.0,3,1
10/27/2024 1:00:46,4,0,5.5,7.5,1.5,1,7.0,7.0,7.0,3,5.5,5.5,7.0,2,1
10/27/2024 1:01:12,3,0,0.0,7.5,5.5,0,5.0,7.0,4.5,4,5.5,7.0,5.5,2,1
10/27/2024 1:01:30,3,0,7.0,7.5,7.0,0,5.0,7.0,4.5,3,7.0,5.5,5.5,3,0
10/27/2024 1:01:49,4,1,7.0,7.5,7.0,0,5.0,5.0,4.5,4,5.5,5.5,7.0,3,1
10/27/2024 1:02:11,4,0,7.0,7.5,7.0,0,5.0,5.0,4.5,3,5.5,7.0,7.0,2,0
10/27/2024 1:02:31,4,0,5.5,8.5,5.5,0,5.0,5.0,4.5,3,3.5,5.5,7.0,3,1
10/27/2024 1:02:59,3,1,5.5,8.5,5.5,0,5.0,5.0,7.0,2,5.5,7.0,5.5,3,0
10/27/2024 1:03:27,3,0,7.0,8.5,7.0,0,5.0,3.0,7.0,3,5.5,5.5,5.5,2,0
10/27/2024 11:04:35,4,0,5.5,8.5,5.5,0,5.0,3.0,2.5,3,7.0,7.0,3.5,3,0
10/27/2024 11:04:55,4,0,5.5,7.5,7.0,0,5.0,7.0,4.5,3,5.5,5.5,7.0,2,1
10/27/2024 11:05:15,3,0,7.0,7.5,5.5,0,5.0,7.0,7.0,4,5.5,5.5,5.5,3,0
10/27/2024 11:05:43,3,1,5.5,8.5,5.5,0,5.0,3.0,7.0,4,5.5,7.0,7.0,2,0
10/27/2024 11:06:05,3,0,5.5,7.5,5.5,0,5.0,5.0,4.5,4,7.0,7.0,7.0,2,0
10/27/2024 11:06:26,4,0,7.0,7.5,7.0,0,7.0,7.0,4.5,3,7.0,5.5,7.0,3,1
10/27/2024 11:06:45,4,0,5.5,7.5,5.5,0,7.0,5.0,4.5,3,7.0,7.0,5.5,2,0
10/27/2024 11:07:02,3,0,5.5,7.5,5.5,0,5.0,5.0,4.5,4,7.0,7.0,7.0,2,1
10/27/2024 11:07:22,4,0,5.5,8.5,5.5,0,5.0,5.0,4.5,3,5.5,7.0,5.5,2,0
10/27/2024 11:07:55,3,0,5.5,8.5,7.0,0,7.0,5.0,4.5,3,7.0,5.5,7.0,3,0
10/27/2024 11:08:36,4,0,5.5,8.5,5.5,0,5.0,7.0,4.5,4,5.5,5.5,5.5,2,0
10/27/2024 11:08:53,3,0,7.0,8.5,3.5,0,5.0,5.0,7.0,4,5.5,5.5,7.0,3,0
10/27/2024 11:09:15,3,0,7.0,7.5,5.5,0,5.0,5.0,4.5,3,5.5,5.5,7.0,2,0
10/27/2024 11:09:32,3,0,5.5,7.5,7.0,0,5.0,5.0,4.5,3,5.5,5.5,5.5,2,1
10/27/2024 11:09:50,3,0,5.5,7.5,5.5,1,5.0,5.0,4.5,3,5.5,5.5,5.5,2,0
10/27/2024 11:10:11,3,1,5.5,7.5,5.5,0,5.0,5.0,4.5,3,5.5,5.5,3.5,2,0
10/27/2024 11:10:30,3,0,5.5,7.5,1.5,1,5.0,5.0,7.0,3,5.5,5.5,5.5,2,0
10/27/2024 11:10:57,3,0,5.5,7.5,5.5,0,5.0,7.0,7.0,3,5.5,7.0,5.5,2,0
10/27/2024 11:11:19,3,1,5.5,7.5,7.0,1,5.0,5.0,4.5,4,7.0,5.5,5.5,3,1
10/27/2024 11:11:41,3,0,3.5,7.5,3.5,1,5.0,5.0,4.5,3,5.5,5.5,5.5,2,0
10/27/2024 11:11:58,4,0,5.5,7.5,5.5,0,5.0,5.0,4.5,3,5.5,5.5,7.0,2,0
10/27/2024 11:12:17,3,1,5.5,7.5,5.5,0,5.0,3.0,4.5,3,5.5,5.5,5.5,2,0
10/27/2024 11:12:34,3,0,5.5,7.5,5.5,1,5.0,5.0,4.5,3,5.5,5.5,5.5,3,0
10/27/2024 11:12:50,3,0,7.0,7.5,5.5,0,5.0,5.0,4.5,3,5.5,5.5,5.5,2,0
10/27/2024 11:13:11,4,1,5.5,8.5,7.0,0,7.0,3.0,7.0,4,5.5,5.5,5.5,3,0
10/27/2024 11:13:33,3,0,5.5,7.5,5.5,1,3.0,5.0,4.5,3,5.5,5.5,5.5,2,2
10/27/2024 11:13:56,3,0,7.0,8.5,5.5,0,5.0,5.0,4.5,2,5.5,5.5,7.0,2,0
10/27/2024 11:14:28,3,0,5.5,8.5,5.5,0,5.0,5.0,4.5,3,5.5,7.0,5.5,3,0
10/27/2024 11:14:47,3,0,7.0,8.5,5.5,1,5.0,5.0,4.5,4,7.0,7.0,7.0,3,1
10/27/2024 11:15:12,2,0,5.5,8.5,5.5,1,5.0,5.0,7.0,3,5.5,5.5,5.5,2,0
10/27/2024 11:15:34,3,0,7.0,7.5,5.5,0,5.0,5.0,4.5,3,7.0,7.0,7.0,3,1
10/27/2024 11:16:08,2,0,5.5,6.5,3.5,0,5.0,7.0,4.5,3,5.5,7.0,7.0,2,1
10/27/2024 11:16:24,3,1,5.5,8.5,5.5,0,5.0,5.0,7.0,3,3.5,7.0,5.5,3,0
10/27/2024 11:16:43,4,1,5.5,8.5,5.5,0,7.0,5.0,4.5,3,5.5,7.0,5.5,3,1
10/27/2024 11:17:03,3,0,5.5,7.5,5.5,1,7.0,7.0,4.5,3,5.5,5.5,5.5,3,1
10/27/2024 11:17:23,3,0,5.5,8.5,7.0,1,5.0,5.0,2.5,3,7.0,5.5,5.5,3,0
10/27/2024 11:17:41,4,0,5.5,8.5,7.0,0,5.0,5.0,4.5,2,7.0,5.5,5.5,3,0
10/27/2024 11:18:00,4,0,7.0,8.5,5.5,1,5.0,5.0,7.0,3,5.5,5.5,5.5,2,0
10/27/2024 11:18:18,3,1,7.0,7.5,5.5,1,5.0,5.0,7.0,4,7.0,5.5,5.5,2,2
10/27/2024 11:18:38,4,1,7.0,7.5,5.5,0,5.0,5.0,7.0,4,5.5,5.5,5.5,2,0
10/27/2024 11:18:57,4,0,5.5,7.5,5.5,0,7.0,5.0,4.5,3,5.5,5.5,7.0,3,1
10/27/2024 11:19:15,3,1,7.0,7.5,7.0,1,5.0,7.0,2.5,4,5.5,5.5,5.5,2,1
10/27/2024 11:19:32,3,1,5.5,7.5,5.5,0,7.0,5.0,7.0,3,5.5,7.0,5.5,3,1
10/27/2024 11:19:52,4,0,5.5,7.5,5.5,0,5.0,5.0,4.5,3,3.5,5.5,5.5,2,0
10/27/2024 11:20:11,4,1,7.0,7.5,5.5,0,5.0,5.0,7.0,4,5.5,5.5,5.5,2,1
10/27/2024 11:21:12,3,0,7.0,7.5,5.5,0,3.0,5.0,7.0,3,5.5,5.5,5.5,2,1
10/27/2024 11:21:31,3,1,5.5,7.5,7.0,1,3.0,7.0,4.5,4,5.5,5.5,7.0,2,0
10/27/2024 11:21:50,4,0,5.5,8.5,5.5,0,7.0,5.0,4.5,3,5.5,5.5,5.5,2,0
10/27/2024 11:22:09,3,0,7.0,6.5,3.5,0,3.0,3.0,4.5,3,5.5,5.5,5.5,2,0
10/27/2024 11:22:30,3,1,5.5,7.5,3.5,1,5.0,3.0,4.5,4,7.0,5.5,7.0,2,0
10/27/2024 11:22:51,3,1,5.5,7.5,5.5,0,5.0,5.0,2.5,3,7.0,7.0,5.5,2,1
10/27/2024 11:23:12,3,1,5.5,7.5,5.5,1,5.0,5.0,4.5,3,5.5,5.5,5.5,2,4
10/27/2024 11:23:33,4,0,7.0,8.5,7.0,0,7.0,7.0,4.5,4,5.5,7.0,7.0,2,0
10/27/2024 11:23:51,4,0,7.0,8.5,5.5,1,5.0,7.0,4.5,3,5.5,5.5,5.5,3,0
10/27/2024 11:24:12,3,0,7.0,8.5,5.5,0,5.0,7.0,7.0,3,5.5,7.0,5.5,3,0
10/27/2024 11:24:35,4,0,5.5,7.5,5.5,0,7.0,5.0,4.5,3,5.5,5.5,5.5,3,0
10/27/2024 11:24:59,4,0,7.0,7.5,5.5,1,5.0,5.0,4.5,3,5.5,5.5,5.5,2,0
10/27/2024 11:25:18,4,1,5.5,7.5,3.5,0,5.0,5.0,7.0,3,7.0,5.5,5.5,3,0
10/27/2024 11:25:36,4,0,5.5,8.5,5.5,0,5.0,5.0,4.5,3,5.5,5.5,5.5,2,0
10/27/2024 11:25:55,4,0,5.5,7.5,5.5,0,5.0,3.0,4.5,2,7.0,5.5,3.5,3,1
10/27/2024 11:26:17,4,0,7.0,7.5,7.0,0,5.0,7.0,4.5,4,7.0,5.5,7.0,3,1
10/27/2024 11:26:38,4,0,5.5,7.5,5.5,0,3.0,7.0,4.5,3,5.5,7.0,5.5,3,1
10/27/2024 11:26:58,3,1,7.0,7.5,7.0,0,5.0,5.0,4.5,3,5.5,5.5,5.5,2,1
10/27/2024 11:27:16,3,0,7.0,7.5,7.0,0,5.0,7.0,4.5,3,5.5,7.0,7.0,2,1
10/27/2024 11:27:33,3,1,7.0,6.5,5.5,0,5.0,7.0,7.0,3,5.5,3.5,5.5,2,0
10/27/2024 11:27:55,3,0,5.5,7.5,5.5,0,5.0,3.0,4.5,3,5.5,5.5,3.5,2,1
10/27/2024 11:28:14,4,0,5.5,8.5,5.5,0,7.0,5.0,4.5,4,5.5,7.0,7.0,3,0
10/27/2024 11:28:36,4,1,5.5,8.5,7.0,4,7.0,7.0,4.5,4,5.5,5.5,5.5,3,1
10/27/2024 11:28:55,4,0,7.0,8.5,7.0,0,5.0,5.0,4.5,3,5.5,5.5,7.0,3,1
10/27/2024 11:29:16,4,0,7.0,8.5,7.0,0,7.0,7.0,4.5,3,7.0,5.5,5.5,2,1
10/27/2024 11:29:32,2,0,5.5,8.5,7.0,0,5.0,5.0,4.5,4,5.5,5.5,5.5,3,0
10/27/2024 11:29:50,1,1,7.0,8.5,5.5,0,5.0,5.0,4.5,2,5.5,3.5,5.5,2,1
10/27/2024 11:30:08,2,1,5.5,7.5,7.0,0,7.0,7.0,7.0,4,5.5,5.5,5.5,2,0
10/27/2024 11:30:23,3,0,7.0,8.5,3.5,0,5.0,7.0,7.0,3,5.5,5.5,5.5,2,0
10/27/2024 11:30:39,3,1,5.5,7.5,3.5,0,5.0,5.0,4.5,2,5.5,5.5,5.5,3,1
10/27/2024 11:30:56,4,0,7.0,7.5,5.5,0,7.0,3.0,7.0,3,5.5,7.0,7.0,3,1
10/27/2024 11:31:12,3,1,3.5,8.5,5.5,0,5.0,7.0,4.5,3,5.5,7.0,7.0,2,1
10/27/2024 11:31:28,3,0,5.5,7.5,5.5,0,7.0,3.0,4.5,4,5.5,7.0,7.0,3,1
10/27/2024 11:31:48,3,0,5.5,6.5,0.0,0,5.0,5.0,4.5,3,5.5,7.0,5.5,2,1
10/27/2024 11:32:04,3,0,7.0,7.5,5.5,0,5.0,5.0,4.5,3,5.5,7.0,5.5,3,0
10/27/2024 11:32:21,4,0,5.5,8.5,7.0,0,5.0,7.0,4.5,1,5.5,7.0,5.5,3,1
10/27/2024 11:32:39,3,0,5.5,7.5,7.0,0,5.0,7.0,7.0,4,5.5,7.0,7.0,3,0
10/27/2024 11:33:06,3,1,7.0,8.5,5.5,0,5.0,5.0,4.5,4,7.0,7.0,3.5,2,0
10/27/2024 11:33:24,4,0,5.5,7.5,7.0,0,5.0,5.0,7.0,4,7.0,5.5,7.0,3,1
10/27/2024 11:33:41,4,0,7.0,7.5,7.0,0,7.0,7.0,4.5,3,7.0,7.0,5.5,2,1
10/27/2024 11:33:59,3,0,7.0,8.5,7.0,0,7.0,5.0,4.5,4,5.5,5.5,7.0,3,0
10/27/2024 11:34:21,3,0,7.0,8.5,5.5,0,7.0,7.0,4.5,3,5.5,5.5,5.5,3,0
10/27/2024 11:34:43,1,1,5.5,8.5,5.5,0,5.0,3.0,7.0,3,5.5,5.5,5.5,3,1
10/27/2024 11:35:06,4,1,5.5,7.5,5.5,0,5.0,5.0,2.5,3,3.5,3.5,5.5,3,1
10/27/2024 11:35:27,4,0,5.5,6.5,3.5,0,5.0,5.0,7.0,3,3.5,5.5,7.0,3,2
10/28/2024 16:39:52,1,1,7.0,3.5,7.0,0,5.0,3.0,4.5,3,3.5,3.5,1.5,2,1
10/28/2024 21:16:02,3,0,5.5,7.5,7.0,1,5.0,5.0,4.5,3,5.5,5.5,5.5,2,1
10/28/2024 21:16:34,3,0,5.5,8.5,5.5,1,5.0,5.0,4.5,3,5.5,5.5,5.5,3,0
10/28/2024 21:16:57,3,1,5.5,7.5,5.5,0,5.0,5.0,4.5,3,5.5,5.5,3.5,2,0
10/28/2024 21:17:17,3,0,7.0,7.5,5.5,1,5.0,5.0,4.5,3,5.5,5.5,5.5,3,0
10/28/2024 21:17:25,3,0,5.5,8.5,7.0,1,5.0,5.0,4.5,3,5.5,5.5,5.5,3,0
10/28/2024 21:17:38,4,0,7.0,7.5,5.5,1,7.0,5.0,4.5,4,5.5,3.5,5.5,2,1
10/28/2024 23:21:56,3,0,5.5,8.5,5.5,1,5.0,5.0,4.5,3,5.5,5.5,5.5,3,0
10/28/2024 23:22:42,3,0,7.0,7.5,7.0,0,5.0,5.0,4.5,3,7.0,5.5,5.5,3,0
10/30/2024 22:05:30,3,0,5.5,7.5,5.5,1,5.0,5.0,4.5,3,3.5,5.5,7.0,2,1
10/30/2024 22:05:48,4,0,5.5,7.5,5.5,0,5.0,5.0,4.5,3,5.5,5.5,5.5,2,1
10/30/2024 22:06:20,3,0,5.5,7.5,7.0,1,5.0,5.0,4.5,3,7.0,5.5,5.5,2,1
10/30/2024 22:06:39,3,0,5.5,7.5,5.5,1,5.0,3.0,4.5,2,5.5,5.5,5.5,2,1
10/30/2024 22:07:02,3,0,5.5,8.5,5.5,1,3.0,7.0,7.0,4,3.5,7.0,7.0,2,0
10/30/2024 22:07:22,3,0,5.5,7.5,5.5,1,5.0,5.0,7.0,3,7.0,5.5,5.5,2,0
10/30/2024 22:08:27,3,1,5.5,7.5,7.0,1,5.0,5.0,7.0,4,5.5,7.0,7.0,3,0
10/30/2024 22:11:39,4,0,5.5,8.5,5.5,0,5.0,3.0,4.5,3,5.5,5.5,5.5,2,0
10/30/2024 22:12:05,4,0,7.0,8.5,3.5,1,7.0,5.0,7.0,4,7.0,5.5,5.5,2,1
10/30/2024 22:13:53,4,0,5.5,7.5,7.0,1,5.0,5.0,4.5,3,5.5,5.5,5.5,2,1
10/30/2024 22:14:10,4,1,5.5,7.5,5.5,1,5.0,7.0,4.5,4,7.0,5.5,5.5,3,1
10/30/2024 22:14:29,3,1,0.0,6.5,0.0,3,5.0,3.0,0.0,2,7.0,0.0,5.5,2,4
10/30/2024 22:15:07,3,1,7.0,8.5,7.0,0,5.0,1.0,0.3,1,3.5,3.5,1.5,2,2
10/30/2024 22:15:10,3,0,5.5,7.5,5.5,1,5.0,5.0,4.5,3,5.5,5.5,7.0,2,1
10/30/2024 22:15:32,3,0,7.0,7.5,5.5,0,7.0,5.0,4.5,3,5.5,5.5,5.5,2,1
10/30/2024 22:16:06,2,0,5.5,7.5,5.5,0,5.0,5.0,4.5,3,5.5,5.5,5.5,2,0
10/30/2024 22:16:29,3,0,5.5,8.5,5.5,1,5.0,5.0,4.5,3,5.5,7.0,7.0,2,0
10/30/2024 22:17:31,3,0,5.5,8.5,7.0,1,5.0,5.0,4.5,4,5.5,5.5,5.5,3,0
10/30/2024 22:17:50,4,0,7.0,7.5,5.5,1,3.0,5.0,4.5,3,5.5,5.5,5.5,2,1
10/30/2024 22:18:15,3,0,7.0,7.5,5.5,1,7.0,5.0,4.5,2,5.5,5.5,5.5,2,3
10/30/2024 22:18:35,2,1,7.0,7.5,7.0,4,5.0,7.0,4.5,3,7.0,7.0,5.5,2,1
10/30/2024 22:18:54,4,1,5.5,7.5,5.5,1,7.0,7.0,7.0,4,7.0,5.5,5.5,3,1
10/30/2024 22:19:09,3,1,5.5,7.5,5.5,0,7.0,5.0,7.0,3,7.0,5.5,5.5,3,1
10/30/2024 22:19:37,4,0,5.5,7.5,5.5,0,7.0,5.0,7.0,3,5.5,7.0,5.5,2,1
10/30/2024 22:19:57,3,0,5.5,7.5,7.0,1,5.0,7.0,7.0,3,5.5,7.0,7.0,3,0
10/30/2024 22:20:11,3,1,5.5,7.5,5.5,1,3.0,3.0,2.5,2,3.5,3.5,3.5,1,3
10/30/2024 22:20:15,4,0,7.0,7.5,7.0,3,5.0,5.0,4.5,4,5.5,5.5,5.5,2,0
10/30/2024 22:21:05,3,0,5.5,7.5,5.5,0,5.0,5.0,2.5,2,5.5,5.5,5.5,2,1
10/30/2024 22:21:13,3,1,1.5,4.5,1.5,0,1.0,1.0,0.3,1,1.5,3.5,5.5,1,3
10/30/2024 22:21:30,4,0,5.5,7.5,5.5,1,5.0,7.0,4.5,3,5.5,5.5,5.5,2,1
10/30/2024 22:21:48,3,1,0.0,3.5,0.0,3,0.0,1.0,2.5,1,1.5,0.0,1.5,1,3
10/30/2024 22:21:58,3,0,5.5,7.5,5.5,1,5.0,5.0,7.0,3,5.5,3.5,7.0,3,1
10/30/2024 22:22:18,4,0,7.0,8.5,5.5,1,5.0,5.0,4.5,3,5.5,5.5,5.5,2,0
10/30/2024 22:22:49,3,0,5.5,8.5,5.5,1,5.0,5.0,4.5,3,5.5,5.5,5.5,2,0
10/30/2024 22:22:50,3,1,5.5,7.5,5.5,1,7.0,7.0,4.5,4,5.5,7.0,7.0,2,0
10/30/2024 22:23:13,1,1,3.5,8.5,3.5,1,5.0,5.0,4.5,3,5.5,7.0,7.0,3,1
10/30/2024 22:23:24,3,0,5.5,7.5,5.5,2,5.0,5.0,4.5,3,5.5,5.5,5.5,3,2
10/30/2024 22:23:53,3,0,7.0,8.5,7.0,1,5.0,5.0,4.5,3,5.5,7.0,5.5,3,2
10/30/2024 22:24:20,3,1,3.5,8.5,7.0,0,5.0,7.0,4.5,3,7.0,5.5,7.0,3,1
10/30/2024 22:24:37,3,0,7.0,6.5,5.5,1,7.0,3.0,4.5,2,5.5,5.5,5.5,3,0
10/30/2024 22:24:55,4,0,7.0,7.5,7.0,0,5.0,5.0,4.5,4,5.5,5.5,7.0,2,0
10/30/2024 22:25:15,3,0,5.5,8.5,5.5,0,7.0,5.0,4.5,3,7.0,7.0,7.0,2,0
10/30/2024 22:26:05,4,1,5.5,7.5,7.0,1,7.0,5.0,2.5,3,5.5,5.5,7.0,3,0
10/30/2024 22:26:22,3,0,7.0,7.5,7.0,0,5.0,7.0,7.0,3,5.5,5.5,7.0,2,1
10/30/2024 22:27:23,3,0,5.5,7.5,5.5,1,3.0,7.0,2.5,3,5.5,7.0,5.5,2,0
10/30/2024 22:27:42,2,0,5.5,8.5,5.5,0,3.0,7.0,7.0,3,5.5,5.5,3.5,3,0
10/30/2024 22:27:59,2,0,7.0,7.5,5.5,1,3.0,5.0,4.5,4,5.5,5.5,5.5,3,0
10/30/2024 22:28:22,4,0,7.0,7.5,7.0,1,5.0,5.0,4.5,4,5.5,5.5,5.5,3,0
10/30/2024 22:28:46,3,0,3.5,8.5,7.0,1,5.0,5.0,7.0,3,5.5,5.5,7.0,2,0
10/30/2024 22:29:13,4,0,5.5,8.5,5.5,1,5.0,5.0,7.0,3,7.0,5.5,5.5,2,0
10/30/2024 22:29:50,3,0,5.5,8.5,7.0,1,5.0,7.0,4.5,4,5.5,5.5,7.0,2,0
10/30/2024 22:30:10,4,0,5.5,7.5,7.0,1,5.0,5.0,7.0,3,5.5,5.5,7.0,2,0
10/30/2024 22:35:01,3,0,5.5,8.5,7.0,1,5.0,5.0,4.5,3,5.5,5.5,7.0,3,1
10/30/2024 22:35:13,3,1,1.5,4.5,1.5,3,0.0,5.0,2.5,2,3.5,5.5,5.5,2,2
10/30/2024 22:35:28,3,0,7.0,7.5,5.5,1,7.0,5.0,4.5,3,7.0,7.0,5.5,3,0
10/30/2024 22:35:47,3,1,0.0,3.5,0.0,3,3.0,1.0,0.3,1,1.5,1.5,3.5,2,3
10/30/2024 22:35:50,3,0,5.5,7.5,7.0,2,5.0,5.0,4.5,3,5.5,5.5,5.5,2,2
10/30/2024 22:35:52,3,0,3.5,8.5,7.0,1,7.0,7.0,4.5,3,3.5,5.5,5.5,2,1
10/30/2024 22:36:11,3,0,5.5,7.5,5.5,0,5.0,3.0,4.5,3,5.5,5.5,7.0,2,1
10/30/2024 22:36:23,3,1,1.5,4.5,0.0,4,0.0,3.0,4.5,2,3.5,3.5,1.5,2,2
10/30/2024 22:36:42,2,0,5.5,7.5,5.5,1,5.0,5.0,4.5,3,5.5,5.5,5.5,2,0
10/30/2024 22:37:14,3,0,5.5,7.5,5.5,2,5.0,5.0,4.5,3,5.5,5.5,5.5,2,2
10/30/2024 22:37:31,3,0,5.5,7.5,5.5,1,7.0,7.0,4.5,3,5.5,5.5,5.5,2,1
10/30/2024 22:38:05,3,0,5.5,8.5,7.0,1,5.0,5.0,4.5,4,7.0,7.0,5.5,2,0
10/30/2024 22:38:15,3,0,7.0,7.5,5.5,2,5.0,5.0,4.5,3,5.5,5.5,5.5,2,2
10/30/2024 22:39:09,4,0,7.0,7.5,5.5,1,5.0,7.0,4.5,3,5.5,5.5,5.5,2,1
10/30/2024 22:39:35,3,0,5.5,8.5,7.0,1,5.0,5.0,4.5,4,7.0,5.5,5.5,3,0
10/30/2024 22:39:56,4,1,5.5,7.5,5.5,3,7.0,5.0,7.0,3,7.0,5.5,5.5,3,1
10/30/2024 22:40:46,3,0,5.5,7.5,7.0,0,5.0,5.0,4.5,3,5.5,5.5,5.5,2,1
10/30/2024 22:41:11,4,0,5.5,7.5,5.5,1,3.0,5.0,4.5,3,5.5,5.5,5.5,3,0
10/30/2024 22:41:26,4,0,7.0,7.5,7.0,1,5.0,5.0,4.5,3,5.5,5.5,5.5,3,1
10/30/2024 22:42:30,4,0,5.5,8.5,7.0,1,5.0,3.0,0.3,3,3.5,5.5,1.5,2,1
10/30/2024 22:43:09,3,0,5.5,8.5,5.5,2,5.0,5.0,4.5,3,5.5,5.5,5.5,2,2
10/30/2024 22:44:32,3,0,5.5,7.5,5.5,2,5.0,5.0,4.5,3,5.5,5.5,5.5,2,2
10/30/2024 22:45:00,3,0,5.5,7.5,5.5,3,5.0,5.0,4.5,3,5.5,5.5,5.5,2,0
10/30/2024 22:45:28,3,0,5.5,7.5,5.5,3,5.0,5.0,4.5,3,5.5,5.5,5.5,2,0
10/30/2024 22:45:55,3,0,5.5,7.5,5.5,2,5.0,5.0,4.5,3,5.5,5.5,5.5,2,0
10/31/2024 0:54:24,3,0,3.5,8.5,5.5,0,3.0,5.0,7.0,3,5.5,5.5,5.5,2,0
11/4/2024 21:11:49,4,0,5.5,7.5,5.5,0,3.0,7.0,4.5,3,5.5,5.5,5.5,2,0
11/4/2024 21:59:32,3,0,5.5,8.5,7.0,1,5.0,7.0,7.0,3,5.5,5.5,5.5,2,0
11/4/2024 21:59:50,3,0,7.0,6.5,5.5,1,5.0,5.0,4.5,3,5.5,7.0,5.5,2,1
11/4/2024 22:00:18,3,0,5.5,7.5,5.5,1,7.0,3.0,4.5,3,5.5,5.5,3.5,2,0
11/4/2024 22:00:36,4,0,7.0,7.5,5.5,1,5.0,5.0,4.5,3,5.5,5.5,5.5,2,0
11/4/2024 22:00:54,3,0,5.5,7.5,5.5,1,5.0,5.0,4.5,4,5.5,5.5,5.5,2,1
11/4/2024 22:01:10,3,0,5.5,8.5,5.5,1,5.0,7.0,4.5,3,3.5,5.5,7.0,3,1
11/4/2024 22:01:35,4,1,7.0,7.5,7.0,1,5.0,5.0,7.0,4,5.5,7.0,5.5,2,1
11/4/2024 22:01:51,3,0,5.5,7.5,5.5,1,5.0,7.0,4.5,3,5.5,5.5,5.5,3,0
11/4/2024 22:02:36,4,0,5.5,7.5,7.0,1,5.0,5.0,2.5,3,7.0,7.0,7.0,2,1
11/4/2024 22:02:58,4,0,5.5,7.5,7.0,1,5.0,7.0,4.5,4,5.5,5.5,7.0,3,0
11/4/2024 22:03:18,3,0,5.5,7.5,7.0,1,5.0,5.0,4.5,3,5.5,5.5,5.5,2,1
11/4/2024 22:03:36,4,0,5.5,8.5,5.5,1,5.0,5.0,4.5,3,5.5,5.5,5.5,3,1
11/4/2024 22:05:37,3,0,5.5,7.5,7.0,1,7.0,5.0,4.5,4,7.0,7.0,5.5,3,0
11/4/2024 22:05:52,4,0,5.5,7.5,5.5,1,7.0,5.0,4.5,4,7.0,7.0,7.0,2,1
11/4/2024 22:06:23,3,0,3.5,7.5,5.5,1,5.0,7.0,7.0,3,5.5,7.0,7.0,3,1
11/6/2024 18:04:36,4,0,5.5,8.5,5.5,1,5.0,7.0,4.5,3,5.5,5.5,5.5,3,0
11/6/2024 18:04:54,4,0,5.5,7.5,7.0,1,5.0,3.0,4.5,3,5.5,5.5,5.5,3,1
11/6/2024 18:05:13,2,0,5.5,8.5,5.5,1,5.0,7.0,4.5,4,7.0,5.5,7.0,3,0
11/6/2024 18:05:33,4,0,7.0,7.5,7.0,0,7.0,5.0,7.0,4,5.5,7.0,5.5,2,0
11/6/2024 18:05:52,3,1,7.0,7.5,5.5,0,5.0,7.0,7.0,3,5.5,7.0,7.0,2,2
11/6/2024 18:06:13,4,0,7.0,8.5,7.0,0,5.0,5.0,4.5,3,7.0,7.0,7.0,2,0
11/6/2024 18:06:40,3,0,5.5,7.5,7.0,1,7.0,5.0,4.5,3,7.0,5.5,7.0,2,0
11/6/2024 18:07:06,4,0,5.5,7.5,5.5,1,5.0,7.0,4.5,4,7.0,7.0,5.5,3,1
11/6/2024 18:07:25,3,0,7.0,6.5,5.5,0,5.0,5.0,7.0,4,5.5,5.5,5.5,3,1
11/6/2024 18:08:01,4,0,7.0,8.5,5.5,0,5.0,5.0,7.0,4,5.5,7.0,7.0,2,2
11/6/2024 18:08:18,4,0,7.0,7.5,5.5,1,5.0,7.0,7.0,4,7.0,7.0,5.5,3,1
11/6/2024 18:08:40,3,0,5.5,8.5,7.0,0,5.0,5.0,7.0,3,5.5,7.0,5.5,2,0
11/6/2024 18:09:04,4,1,7.0,7.5,5.5,0,3.0,3.0,4.5,4,7.0,5.5,5.5,2,0
11/6/2024 18:09:25,4,0,7.0,7.5,5.5,0,5.0,5.0,4.5,3,7.0,5.5,5.5,2,0
11/6/2024 18:09:48,3,0,5.5,8.5,5.5,1,3.0,7.0,7.0,4,7.0,5.5,5.5,3,0
11/6/2024 18:10:07,3,0,5.5,7.5,5.5,1,5.0,5.0,4.5,3,5.5,5.5,5.5,2,2
11/6/2024 18:10:27,4,0,7.0,8.5,5.5,0,5.0,5.0,4.5,3,5.5,7.0,5.5,2,0
11/6/2024 18:12:05,4,0,5.5,8.5,7.0,0,5.0,5.0,4.5,3,5.5,7.0,5.5,2,1
11/6/2024 18:12:27,3,0,5.5,7.5,5.5,0,7.0,7.0,7.0,3,7.0,5.5,7.0,3,0
11/6/2024 18:47:54,4,0,5.5,8.5,7.0,1,7.0,7.0,4.5,4,7.0,5.5,5.5,2,1
11/6/2024 18:48:12,3,1,3.5,8.5,7.0,0,5.0,5.0,2.5,3,7.0,5.5,7.0,3,1
11/6/2024 18:48:41,4,0,5.5,8.5,7.0,0,5.0,5.0,4.5,4,5.5,5.5,7.0,2,0
11/6/2024 18:49:01,3,0,7.0,8.5,5.5,0,7.0,5.0,4.5,3,5.5,7.0,5.5,2,0
11/6/2024 18:49:21,3,1,7.0,7.5,7.0,0,5.0,7.0,4.5,3,7.0,7.0,5.5,2,0
11/6/2024 18:49:39,3,0,7.0,7.5,7.0,1,7.0,5.0,4.5,3,5.5,7.0,5.5,2,1
11/6/2024 18:50:07,4,0,7.0,7.5,5.5,1,5.0,5.0,4.5,3,7.0,5.5,7.0,2,2
11/6/2024 18:50:24,4,0,7.0,7.5,7.0,0,7.0,5.0,4.5,4,5.5,5.5,5.5,2,1
11/6/2024 18:50:50,4,0,7.0,7.5,5.5,1,7.0,7.0,7.0,3,5.5,5.5,5.5,3,1
11/6/2024 18:51:18,3,1,7.0,7.5,5.5,0,7.0,5.0,4.5,3,5.5,5.5,7.0,3,1
11/6/2024 18:51:43,3,0,5.5,7.5,5.5,0,7.0,7.0,4.5,3,7.0,3.5,7.0,3,0
11/6/2024 18:52:04,3,0,7.0,7.5,5.5,0,7.0,5.0,7.0,4,7.0,5.5,7.0,2,0
11/6/2024 18:52:25,4,0,7.0,8.5,5.5,0,5.0,7.0,4.5,3,5.5,5.5,5.5,2,1
11/6/2024 18:52:47,4,0,7.0,7.5,7.0,0,7.0,5.0,4.5,4,5.5,5.5,7.0,2,0
11/6/2024 18:53:15,4,0,5.5,8.5,7.0,0,7.0,5.0,4.5,4,5.5,7.0,7.0,2,1
11/6/2024 18:53:32,4,0,7.0,7.5,7.0,0,5.0,7.0,7.0,3,7.0,7.0,7.0,3,1
11/6/2024 18:53:52,3,1,7.0,7.5,5.5,0,7.0,7.0,7.0,3,7.0,7.0,7.0,3,0
11/6/2024 18:54:16,4,1,5.5,7.5,7.0,1,5.0,5.0,4.5,3,5.5,7.0,7.0,3,2
11/6/2024 18:54:41,4,0,7.0,8.5,5.5,0,7.0,7.0,7.0,3,5.5,5.5,7.0,3,0
11/6/2024 18:59:30,4,0,7.0,8.5,5.5,0,5.0,5.0,7.0,4,7.0,7.0,5.5,2,0
11/6/2024 18:59:47,4,0,7.0,7.5,7.0,0,3.0,5.0,4.5,4,5.5,7.0,5.5,3,0
11/6/2024 19:00:20,3,0,5.5,7.5,5.5,1,7.0,5.0,7.0,4,5.5,5.5,7.0,3,1
11/6/2024 19:00:42,3,1,5.5,7.5,7.0,0,7.0,7.0,4.5,3,7.0,7.0,7.0,3,0
11/6/2024 19:01:07,4,0,7.0,8.5,7.0,1,5.0,5.0,2.5,3,5.5,5.5,7.0,3,1
11/6/2024 19:01:29,4,0,5.5,7.5,7.0,0,3.0,7.0,4.5,3,7.0,5.5,5.5,3,0
11/6/2024 19:01:58,4,0,5.5,7.5,7.0,1,5.0,5.0,4.5,4,7.0,7.0,7.0,3,1
11/6/2024 19:02:21,4,0,5.5,7.5,5.5,0,5.0,5.0,7.0,4,5.5,5.5,5.5,3,1
11/6/2024 19:02:40,4,0,5.5,8.5,7.0,0,7.0,5.0,4.5,3,7.0,5.5,5.5,3,1
11/6/2024 19:03:03,4,0,7.0,7.5,5.5,1,7.0,5.0,4.5,4,7.0,3.5,7.0,3,1
11/6/2024 19:03:37,4,0,5.5,7.5,5.5,0,5.0,7.0,7.0,3,7.0,5.5,5.5,3,1
11/6/2024 19:03:57,4,0,7.0,7.5,5.5,1,7.0,5.0,7.0,4,7.0,7.0,7.0,2,1
11/6/2024 19:04:16,3,0,7.0,8.5,5.5,0,7.0,7.0,7.0,3,5.5,7.0,5.5,2,0
11/6/2024 19:04:36,3,0,5.5,7.5,5.5,1,5.0,7.0,7.0,4,7.0,7.0,7.0,2,1
11/6/2024 19:04:54,4,0,7.0,7.5,7.0,1,7.0,5.0,7.0,3,7.0,7.0,7.0,3,0
11/6/2024 19:05:10,3,0,7.0,7.5,5.5,1,7.0,5.0,7.0,4,5.5,7.0,7.0,3,0
11/6/2024 19:05:29,3,0,5.5,8.5,7.0,0,5.0,5.0,4.5,4,7.0,7.0,5.5,3,1
11/6/2024 19:05:49,4,0,7.0,7.5,5.5,0,7.0,5.0,4.5,3,5.5,5.5,5.5,3,0
11/6/2024 19:07:59,4,0,7.0,8.5,7.0,1,5.0,5.0,4.5,3,7.0,7.0,5.5,2,1
11/6/2024 19:08:21,4,0,5.5,7.5,7.0,0,5.0,5.0,4.5,3,7.0,7.0,7.0,2,1
11/6/2024 19:08:45,4,0,5.5,8.5,5.5,1,5.0,5.0,7.0,4,5.5,5.5,7.0,2,1
11/6/2024 19:09:18,3,0,5.5,8.5,7.0,1,7.0,5.0,4.5,2,7.0,7.0,7.0,3,0
11/6/2024 19:09:42,3,0,7.0,7.5,3.5,0,3.0,5.0,4.5,3,5.5,5.5,5.5,2,1
11/6/2024 19:10:00,4,0,7.0,7.5,7.0,0,5.0,5.0,4.5,4,7.0,5.5,5.5,3,0
11/6/2024 19:10:35,4,0,7.0,8.5,7.0,1,5.0,5.0,4.5,3,7.0,7.0,3.5,3,0
11/6/2024 19:10:52,3,0,7.0,8.5,7.0,0,7.0,5.0,4.5,3,7.0,5.5,7.0,3,2
11/6/2024 19:11:25,4,0,5.5,8.5,5.5,1,5.0,7.0,4.5,4,7.0,7.0,7.0,3,1
11/6/2024 19:12:31,4,0,7.0,8.5,5.5,0,7.0,5.0,7.0,4,5.5,5.5,7.0,3,1
11/6/2024 19:14:33,4,0,7.0,7.5,7.0,2,5.0,5.0,4.5,4,7.0,7.0,7.0,2,0
11/6/2024 19:15:41,3,0,7.0,8.5,5.5,1,5.0,5.0,4.5,4,5.5,7.0,5.5,3,1
12/10/2024 23:20:54,2,1,5.5,8.5,7.0,0,7.0,5.0,4.5,4,3.5,7.0,5.5,2,0
12/10/2024 23:21:21,3,0,7.0,7.5,5.5,1,5.0,7.0,4.5,4,5.5,5.5,5.5,3,1
12/10/2024 23:21:39,2,1,7.0,8.5,5.5,0,5.0,5.0,7.0,4,5.5,5.5,7.0,3,1
12/10/2024 23:21:55,4,1,5.5,7.5,5.5,0,3.0,5.0,4.5,3,7.0,5.5,5.5,3,0
12/10/2024 23:22:18,3,0,7.0,7.5,5.5,1,5.0,7.0,4.5,3,5.5,7.0,5.5,3,0
12/10/2024 23:22:37,3,0,7.0,7.5,5.5,1,7.0,5.0,4.5,3,7.0,5.5,7.0,2,0
12/10/2024 23:22:54,3,0,5.5,7.5,7.0,0,7.0,7.0,7.0,3,5.5,5.5,7.0,3,1
12/10/2024 23:23:33,4,0,5.5,8.5,7.0,0,5.0,7.0,4.5,4,7.0,7.0,7.0,2,0
12/10/2024 23:24:19,4,0,7.0,8.5,5.5,1,3.0,5.0,7.0,4,5.5,5.5,7.0,2,0
12/10/2024 23:24:37,3,0,7.0,7.5,5.5,2,5.0,5.0,7.0,3,5.5,7.0,5.5,3,0
12/10/2024 23:24:55,4,0,5.5,7.5,7.0,1,5.0,5.0,4.5,4,7.0,5.5,7.0,3,1
12/10/2024 23:25:23,4,0,7.0,7.5,5.5,1,7.0,5.0,7.0,3,5.5,7.0,5.5,2,0
12/10/2024 23:25:40,4,0,7.0,8.5,5.5,1,7.0,5.0,4.5,3,5.5,5.5,5.5,3,1
12/10/2024 23:25:55,3,0,5.5,7.5,5.5,0,3.0,5.0,4.5,4,5.5,5.5,5.5,2,1
12/10/2024 23:26:18,3,0,7.0,7.5,7.0,1,5.0,5.0,7.0,3,7.0,7.0,7.0,3,2
12/10/2024 23:26:56,3,0,7.0,8.5,5.5,2,5.0,7.0,4.5,4,7.0,5.5,7.0,3,0
12/10/2024 23:27:23,3,0,7.0,7.5,5.5,0,7.0,5.0,4.5,4,5.5,7.0,5.5,3,0
12/10/2024 23:27:42,3,0,5.5,8.5,5.5,1,5.0,7.0,2.5,3,5.5,5.5,7.0,3,1
12/10/2024 23:27:59,3,0,7.0,7.5,5.5,1,5.0,7.0,7.0,2,5.5,5.5,5.5,2,2
12/10/2024 23:28:16,3,1,5.5,7.5,5.5,0,7.0,5.0,4.5,3,5.5,3.5,5.5,2,1
12/10/2024 23:28:34,4,0,7.0,7.5,5.5,0,5.0,5.0,4.5,3,3.5,7.0,5.5,2,0
12/10/2024 23:28:52,4,0,5.5,7.5,5.5,0,7.0,7.0,4.5,4,7.0,5.5,7.0,3,1
12/10/2024 23:29:10,4,0,5.5,7.5,5.5,0,5.0,5.0,2.5,2,5.5,5.5,7.0,3,0
12/10/2024 23:29:25,3,0,7.0,7.5,7.0,1,5.0,3.0,7.0,3,7.0,5.5,7.0,3,1
12/10/2024 23:29:43,3,0,5.5,7.5,7.0,3,7.0,7.0,7.0,4,7.0,7.0,5.5,2,0
12/10/2024 23:30:03,3,0,7.0,8.5,7.0,1,3.0,7.0,4.5,3,7.0,5.5,5.5,3,0
12/10/2024 23:30:19,4,0,5.5,7.5,5.5,0,7.0,5.0,2.5,3,5.5,7.0,7.0,2,0
12/10/2024 23:31:09,4,0,5.5,7.5,5.5,0,5.0,3.0,4.5,2,5.5,3.5,3.5,2,1
12/10/2024 23:31:44,3,0,5.5,7.5,7.0,1,5.0,3.0,2.5,3,5.5,5.5,5.5,3,0
12/10/2024 23:32:17,4,1,3.5,8.5,7.0,0,5.0,5.0,4.5,3,5.5,5.5,5.5,2,1
12/10/2024 23:32:57,4,0,5.5,7.5,5.5,3,7.0,5.0,4.5,3,3.5,5.5,5.5,3,0
12/10/2024 23:33:35,2,0,5.5,7.5,5.5,0,5.0,5.0,4.5,3,7.0,5.5,5.5,3,0
12/10/2024 23:35:11,4,0,7.0,7.5,5.5,3,5.0,5.0,4.5,3,7.0,3.5,7.0,3,0
12/10/2024 23:36:59,4,0,7.0,8.5,7.0,0,5.0,5.0,4.5,4,7.0,5.5,7.0,3,1
12/10/2024 23:37:16,3,0,5.5,7.5,7.0,1,7.0,5.0,4.5,3,7.0,5.5,7.0,2,1
12/10/2024 23:37:32,4,0,7.0,8.5,5.5,0,5.0,7.0,4.5,4,7.0,5.5,5.5,3,0
12/11/2024 22:32:40,4,0,5.5,7.5,7.0,1,5.0,7.0,7.0,4,7.0,7.0,7.0,2,1
12/11/2024 22:32:58,3,0,5.5,8.5,7.0,0,7.0,5.0,4.5,4,7.0,5.5,7.0,2,1
12/11/2024 22:33:16,4,0,5.5,8.5,7.0,0,5.0,7.0,4.5,3,5.5,7.0,7.0,2,1
12/11/2024 22:33:34,4,0,7.0,7.5,5.5,0,5.0,5.0,7.0,4,7.0,7.0,5.5,3,1
12/11/2024 22:33:52,4,1,7.0,8.5,5.5,0,5.0,7.0,4.5,4,7.0,7.0,7.0,3,1
12/11/2024 22:34:11,3,0,7.0,8.5,7.0,0,5.0,5.0,4.5,4,7.0,7.0,5.5,3,1
12/11/2024 22:34:28,3,0,5.5,8.5,7.0,0,5.0,7.0,7.0,4,7.0,5.5,7.0,3,0
12/11/2024 22:34:44,4,0,7.0,7.5,5.5,0,5.0,7.0,7.0,3,5.5,7.0,5.5,3,1
12/11/2024 22:35:01,3,0,7.0,8.5,7.0,0,7.0,7.0,4.5,4,7.0,7.0,7.0,3,1
12/11/2024 22:35:20,4,0,7.0,7.5,5.5,1,7.0,7.0,7.0,4,7.0,5.5,7.0,3,0
12/11/2024 22:35:38,3,0,7.0,7.5,7.0,0,7.0,5.0,4.5,4,5.5,7.0,7.0,3,0
12/11/2024 22:35:57,4,0,5.5,8.5,7.0,0,5.0,5.0,7.0,4,5.5,7.0,7.0,3,1
12/12/2024 0:01:59,4,0,7.0,7.5,3.5,0,5.0,7.0,4.5,3,5.5,5.5,5.5,2,1
12/12/2024 0:02:18,4,0,5.5,7.5,7.0,1,5.0,7.0,7.0,3,7.0,7.0,5.5,3,1
12/12/2024 0:02:34,4,0,5.5,8.5,5.5,0,7.0,7.0,4.5,3,5.5,5.5,5.5,2,0
12/12/2024 0:02:52,4,0,7.0,8.5,5.5,0,7.0,5.0,4.5,4,7.0,7.0,7.0,3,0
12/12/2024 0:03:11,4,1,7.0,7.5,5.5,0,7.0,5.0,7.0,3,5.5,7.0,5.5,3,0
12/12/2024 0:03:31,4,0,7.0,7.5,7.0,0,7.0,7.0,4.5,3,5.5,7.0,7.0,2,1
12/12/2024 0:03:47,4,0,5.5,8.5,7.0,1,7.0,7.0,7.0,3,7.0,7.0,7.0,2,0
12/12/2024 0:04:06,2,1,5.5,8.5,5.5,0,7.0,7.0,7.0,4,7.0,7.0,5.5,3,1
12/15/2024 5:43:39,4,0,7.0,7.5,3.5,1,7.0,5.0,7.0,2,7.0,5.5,7.0,2,0
12/15/2024 5:43:55,3,0,7.0,8.5,5.5,3,5.0,5.0,4.5,3,5.5,7.0,5.5,3,1
12/15/2024 5:44:04,3,0,3.5,6.5,1.5,2,3.0,1.0,2.5,2,3.5,5.5,3.5,2,1
12/15/2024 5:44:10,4,1,5.5,8.5,7.0,3,3.0,5.0,4.5,3,7.0,5.5,7.0,3,0
12/15/2024 5:44:25,2,0,1.5,7.5,0.0,1,1.0,1.0,0.3,1,1.5,1.5,1.5,2,0
12/15/2024 5:44:26,4,0,7.0,7.5,5.5,4,7.0,5.0,4.5,4,5.5,5.5,7.0,2,1
12/15/2024 5:44:49,3,0,3.5,6.5,3.5,1,1.0,5.0,4.5,3,5.5,7.0,5.5,2,1
12/15/2024 5:44:50,3,0,5.5,7.5,7.0,3,3.0,5.0,4.5,3,5.5,7.0,7.0,3,0
12/15/2024 5:45:07,4,1,5.5,7.5,5.5,3,5.0,7.0,4.5,3,5.5,7.0,7.0,3,0
12/15/2024 5:45:18,2,1,5.5,6.5,5.5,2,1.0,5.0,7.0,4,5.5,7.0,7.0,2,0
12/15/2024 5:45:24,3,1,7.0,8.5,7.0,3,5.0,3.0,7.0,4,5.5,7.0,7.0,2,0
12/15/2024 5:45:41,4,0,5.5,7.5,3.5,3,5.0,5.0,4.5,3,5.5,5.5,7.0,3,0
12/15/2024 5:45:42,3,0,3.5,6.5,3.5,2,1.0,0.0,0.3,2,5.5,3.5,3.5,2,1
12/15/2024 5:45:58,3,0,7.0,6.5,5.5,3,7.0,5.0,7.0,3,5.5,3.5,7.0,3,0
12/15/2024 5:46:03,2,1,3.5,6.5,3.5,2,3.0,3.0,2.5,3,3.5,3.5,3.5,1,1
12/15/2024 5:46:14,4,0,7.0,7.5,5.5,3,5.0,3.0,7.0,3,7.0,7.0,7.0,2,1
12/15/2024 5:46:25,3,0,3.5,6.5,3.5,2,3.0,3.0,2.5,2,0.0,1.5,3.5,3,0
12/15/2024 5:46:31,3,0,7.0,6.5,7.0,4,7.0,3.0,4.5,3,5.5,5.5,5.5,3,0
12/15/2024 5:46:49,4,0,5.5,7.5,7.0,4,7.0,5.0,4.5,3,5.5,7.0,7.0,3,0
12/15/2024 5:46:51,3,0,5.5,6.5,5.5,2,7.0,5.0,4.5,3,5.5,5.5,1.5,3,1
12/15/2024 5:47:06,3,0,5.5,8.5,7.0,1,7.0,7.0,4.5,3,7.0,7.0,5.5,3,0
12/15/2024 5:47:11,2,0,5.5,8.5,3.5,2,1.0,1.0,7.0,4,1.5,3.5,5.5,3,1
12/15/2024 5:47:27,4,0,7.0,6.5,5.5,4,5.0,5.0,4.5,4,3.5,7.0,7.0,3,1
12/15/2024 5:47:35,3,1,3.5,6.5,1.5,3,5.0,3.0,2.5,3,5.5,5.5,5.5,2,1
12/15/2024 5:47:44,3,0,3.5,7.5,7.0,4,3.0,7.0,4.5,4,7.0,5.5,7.0,2,1
12/15/2024 5:47:57,4,0,1.5,6.5,1.5,4,7.0,3.0,2.5,1,7.0,7.0,7.0,3,1
12/15/2024 5:47:58,3,1,3.5,8.5,7.0,4,5.0,3.0,4.5,4,5.5,7.0,7.0,3,1
12/15/2024 5:48:15,3,1,7.0,7.5,5.5,3,5.0,5.0,7.0,4,5.5,5.5,5.5,2,0
12/15/2024 5:48:16,4,1,3.5,7.5,3.5,2,3.0,3.0,0.3,2,3.5,5.5,5.5,2,0
12/15/2024 5:48:31,3,0,7.0,6.5,5.5,3,5.0,3.0,4.5,3,5.5,7.0,7.0,3,1
12/15/2024 5:48:42,2,1,3.5,6.5,3.5,1,3.0,1.0,2.5,2,3.5,3.5,3.5,2,0
12/15/2024 5:48:48,4,0,7.0,8.5,7.0,3,5.0,5.0,2.5,3,7.0,7.0,7.0,3,0
12/15/2024 5:49:04,3,0,3.5,4.5,3.5,2,7.0,5.0,4.5,2,5.5,3.5,3.5,2,0
12/15/2024 5:49:06,4,0,7.0,7.5,5.5,4,5.0,7.0,4.5,3,5.5,5.5,7.0,2,0
12/15/2024 5:49:21,3,0,5.5,8.5,5.5,4,5.0,5.0,4.5,4,7.0,5.5,7.0,3,0
12/15/2024 5:49:32,3,1,5.5,7.5,5.5,2,7.0,3.0,4.5,1,1.5,1.5,3.5,2,0
12/15/2024 5:49:38,3,0,7.0,7.5,7.0,4,3.0,5.0,4.5,3,5.5,3.5,7.0,3,1
12/15/2024 5:49:59,3,1,3.5,4.5,3.5,2,3.0,5.0,2.5,2,5.5,3.5,1.5,1,0
12/15/2024 5:50:16,4,1,3.5,4.5,3.5,4,7.0,7.0,7.0,4,7.0,7.0,7.0,3,1
12/15/2024 5:50:36,3,1,5.5,6.5,5.5,3,5.0,5.0,4.5,3,5.5,7.0,7.0,3,0
12/15/2024 5:50:59,3,1,3.5,4.5,1.5,1,0.0,0.0,2.5,2,3.5,5.5,3.5,1,1
12/15/2024 5:51:24,3,1,5.5,7.5,5.5,4,5.0,5.0,7.0,2,5.5,7.0,7.0,3,1
12/15/2024 5:51:27,1,0,3.5,6.5,1.5,3,5.0,3.0,4.5,3,3.5,3.5,3.5,3,0
12/15/2024 5:51:42,4,0,7.0,8.5,7.0,4,3.0,7.0,7.0,3,5.5,5.5,7.0,3,1
12/15/2024 5:51:48,4,1,5.5,6.5,5.5,2,3.0,3.0,4.5,2,1.5,5.5,1.5,2,3
12/15/2024 5:52:07,3,1,5.5,7.5,3.5,4,3.0,3.0,2.5,2,1.5,3.5,3.5,3,0
12/15/2024 5:52:31,4,0,1.5,7.5,3.5,0,3.0,3.0,2.5,1,3.5,3.5,1.5,0,0
12/15/2024 5:52:36,4,0,5.5,7.5,7.0,4,7.0,7.0,7.0,4,5.5,7.0,5.5,3,0
12/15/2024 5:53:05,3,1,3.5,6.5,5.5,3,3.0,3.0,4.5,2,3.5,1.5,1.5,1,1
12/15/2024 5:53:18,3,0,7.0,7.5,5.5,3,5.0,3.0,4.5,3,7.0,7.0,7.0,3,0
12/15/2024 5:53:30,3,0,3.5,4.5,1.5,3,3.0,3.0,2.5,2,5.5,1.5,5.5,3,0
12/15/2024 5:53:39,1,1,7.0,8.5,5.5,1,5.0,5.0,4.5,4,5.5,5.5,7.0,3,0
12/15/2024 5:53:57,4,1,3.5,6.5,5.5,4,7.0,7.0,7.0,2,3.5,5.5,7.0,3,1
12/15/2024 5:54:05,1,1,7.0,7.5,5.5,1,7.0,3.0,4.5,4,7.0,5.5,5.5,3,1
12/15/2024 5:54:16,4,1,1.5,6.5,3.5,2,3.0,3.0,2.5,2,3.5,5.5,3.5,3,1
12/15/2024 5:54:20,3,0,5.5,7.5,7.0,4,7.0,7.0,7.0,4,5.5,7.0,7.0,3,0
12/15/2024 5:54:45,3,0,3.5,4.5,1.5,1,5.0,3.0,0.3,2,3.5,5.5,3.5,1,0
12/15/2024 5:54:46,4,1,7.0,7.5,5.5,4,5.0,5.0,7.0,3,5.5,7.0,5.5,3,2
12/15/2024 5:55:03,4,1,7.0,8.5,7.0,4,5.0,7.0,4.5,4,7.0,7.0,7.0,3,1
12/15/2024 5:55:11,2,1,3.5,7.5,3.5,2,3.0,1.0,2.5,3,5.5,5.5,7.0,3,0
12/15/2024 5:55:21,3,0,5.5,6.5,5.5,3,5.0,3.0,4.5,4,7.0,7.0,7.0,3,1
12/15/2024 5:55:32,2,0,3.5,6.5,1.5,0,0.0,3.0,0.3,2,1.5,3.5,0.0,2,0
12/15/2024 5:55:41,4,1,5.5,7.5,5.5,4,7.0,7.0,7.0,3,5.5,5.5,7.0,3,0
12/15/2024 5:55:47,3,0,3.5,6.5,0.0,1,3.0,3.0,0.3,2,3.5,3.5,3.5,1,3
12/15/2024 5:55:57,4,0,5.5,8.5,5.5,4,7.0,7.0,7.0,3,7.0,5.5,7.0,3,0
12/15/2024 5:56:01,2,1,3.5,7.5,1.5,1,0.0,0.0,4.5,2,1.5,1.5,3.5,2,2
12/15/2024 5:56:12,4,0,7.0,7.5,5.5,4,7.0,7.0,4.5,4,7.0,7.0,7.0,3,2
12/15/2024 5:56:27,2,0,0.0,6.5,1.5,3,7.0,0.0,2.5,2,3.5,0.0,1.5,1,1
12/15/2024 5:56:28,2,1,5.5,7.5,0.0,0,0.0,0.0,0.0,0,0.0,0.0,0.0,0,3
12/15/2024 5:56:31,2,1,7.0,8.5,7.0,4,3.0,7.0,7.0,4,5.5,7.0,7.0,3,1
12/15/2024 5:56:47,2,1,3.5,4.5,0.0,0,3.0,1.0,0.3,1,7.0,0.0,3.5,3,1
12/15/2024 5:56:49,3,1,7.0,7.5,3.5,4,1.0,7.0,7.0,4,5.5,7.0,7.0,3,0
12/15/2024 5:56:50,2,0,7.0,7.5,5.5,4,7.0,7.0,4.5,3,7.0,1.5,0.0,2,2
12/15/2024 5:57:08,4,1,3.5,7.5,7.0,4,3.0,3.0,2.5,4,5.5,7.0,5.5,3,0
12/15/2024 5:57:09,4,1,0.0,3.5,5.5,3,3.0,0.0,0.0,1,3.5,3.5,3.5,1,3
12/15/2024 5:57:17,1,1,3.5,3.5,0.0,1,0.0,1.0,7.0,2,0.0,3.5,3.5,2,2
12/15/2024 5:57:26,4,1,5.5,7.5,5.5,3,5.0,5.0,4.5,4,7.0,7.0,3.5,3,1
12/15/2024 5:57:30,4,1,3.5,8.5,3.5,2,3.0,1.0,4.5,2,3.5,7.0,5.5,2,2
12/15/2024 5:57:42,3,1,7.0,7.5,7.0,4,7.0,5.0,4.5,3,7.0,5.5,7.0,2,1
12/15/2024 5:57:46,2,1,3.5,3.5,1.5,1,1.0,1.0,0.3,2,0.0,1.5,0.0,1,2
12/15/2024 5:57:49,3,1,3.5,4.5,0.0,1,1.0,0.0,0.0,2,1.5,3.5,3.5,3,1
12/15/2024 5:57:59,3,0,5.5,7.5,5.5,3,5.0,5.0,4.5,3,3.5,7.0,7.0,3,0
12/15/2024 5:58:08,3,1,5.5,4.5,0.0,1,0.0,1.0,2.5,1,3.5,3.5,5.5,1,2
12/15/2024 5:58:14,3,0,5.5,7.5,5.5,3,5.0,5.0,7.0,4,7.0,5.5,7.0,3,2
12/15/2024 5:58:24,3,0,3.5,6.5,1.5,2,1.0,3.0,0.3,0,1.5,1.5,5.5,3,0
12/15/2024 5:58:36,3,1,5.5,8.5,5.5,3,5.0,5.0,7.0,4,5.5,7.0,7.0,2,0
12/15/2024 5:58:44,2,1,5.5,8.5,3.5,1,1.0,0.0,0.3,0,3.5,1.5,3.5,2,2
12/15/2024 5:59:00,3,0,5.5,8.5,7.0,4,7.0,7.0,4.5,4,7.0,5.5,7.0,3,0
12/15/2024 5:59:07,3,0,5.5,8.5,3.5,1,0.0,0.0,0.0,1,0.0,5.5,5.5,3,0
12/15/2024 5:59:18,4,0,5.5,7.5,5.5,3,5.0,5.0,7.0,4,5.5,7.0,7.0,3,2
12/15/2024 5:59:25,3,1,3.5,6.5,1.5,1,0.0,0.0,2.5,1,3.5,1.5,1.5,2,2
12/15/2024 5:59:41,3,1,5.5,7.5,1.5,3,3.0,1.0,2.5,2,1.5,1.5,0.0,0,4
12/15/2024 5:59:44,3,0,3.5,7.5,5.5,3,5.0,7.0,7.0,3,5.5,5.5,5.5,3,1
12/15/2024 6:00:01,4,0,7.0,7.5,5.5,3,5.0,5.0,4.5,3,7.0,7.0,5.5,3,1
12/15/2024 6:00:06,2,1,5.5,4.5,1.5,0,3.0,0.0,0.3,1,1.5,5.5,3.5,2,3
12/15/2024 6:00:17,4,1,5.5,6.5,7.0,3,5.0,5.0,2.5,2,7.0,5.5,7.0,3,0
12/15/2024 6:00:21,3,0,1.5,8.5,5.5,4,5.0,3.0,2.5,1,0.0,1.5,3.5,3,1
12/15/2024 6:00:34,3,0,7.0,7.5,5.5,4,7.0,7.0,7.0,3,7.0,7.0,5.5,2,0
12/15/2024 6:00:48,2,0,1.5,6.5,0.0,3,3.0,3.0,0.3,2,1.5,3.5,3.5,1,2
12/15/2024 6:00:56,4,0,7.0,7.5,7.0,4,3.0,5.0,7.0,4,7.0,5.5,7.0,3,0
12/15/2024 6:01:10,3,1,3.5,4.5,0.0,0,0.0,1.0,0.0,2,3.5,1.5,1.5,2,2
12/15/2024 6:01:11,3,1,7.0,7.5,7.0,4,5.0,7.0,4.5,3,7.0,7.0,5.5,3,1
12/15/2024 6:01:27,3,0,5.5,7.5,7.0,3,7.0,5.0,4.5,3,7.0,5.5,5.5,2,2
12/15/2024 6:01:28,4,1,3.5,4.5,1.5,2,3.0,3.0,0.3,3,5.5,1.5,3.5,2,3
12/15/2024 6:01:29,1,0,3.5,3.5,1.5,3,5.0,0.0,0.0,0,0.0,1.5,7.0,2,0
12/15/2024 6:01:49,4,1,1.5,6.5,0.0,1,3.0,1.0,0.3,0,0.0,1.5,3.5,3,3
12/15/2024 6:01:53,1,0,1.5,6.5,3.5,4,0.0,0.0,0.3,4,0.0,0.0,3.5,2,4
12/15/2024 6:01:55,3,1,3.5,3.5,7.0,3,7.0,7.0,7.0,3,5.5,5.5,5.5,3,1
12/15/2024 6:02:13,4,1,5.5,8.5,3.5,0,0.0,0.0,0.3,2,0.0,3.5,1.5,3,0
12/15/2024 6:02:14,4,0,7.0,8.5,7.0,4,5.0,5.0,4.5,4,5.5,5.5,7.0,3,0
12/15/2024 6:02:29,4,1,1.5,3.5,0.0,1,0.0,0.0,0.3,0,0.0,1.5,1.5,0,4
12/15/2024 6:02:30,3,0,5.5,8.5,5.5,4,7.0,5.0,4.5,3,5.5,5.5,5.5,2,0
12/15/2024 6:02:47,4,1,0.0,4.5,3.5,4,5.0,3.0,2.5,1,1.5,0.0,0.0,2,0
12/15/2024 6:02:47,4,0,5.5,8.5,5.5,4,7.0,5.0,7.0,3,5.5,7.0,5.5,3,0
12/15/2024 6:03:07,4,1,3.5,4.5,3.5,2,3.0,5.0,0.3,2,3.5,3.5,1.5,3,0
12/15/2024 6:03:11,3,0,5.5,8.5,5.5,2,5.0,7.0,4.5,2,7.0,5.5,7.0,2,1
12/15/2024 6:03:23,3,1,5.5,7.5,3.5,3,5.0,3.0,0.3,3,1.5,1.5,3.5,2,3
12/15/2024 6:03:31,2,0,1.5,8.5,7.0,3,7.0,5.0,7.0,3,7.0,5.5,5.5,3,1
12/15/2024 6:03:40,2,1,5.5,7.5,3.5,3,1.0,0.0,2.5,1,1.5,3.5,3.5,1,0
12/15/2024 6:03:43,2,0,3.5,6.5,3.5,3,1.0,1.0,4.5,4,7.0,5.5,3.5,1,4
12/15/2024 6:03:47,4,1,3.5,8.5,7.0,4,3.0,5.0,4.5,3,3.5,5.5,5.5,2,0
12/15/2024 6:04:04,4,0,7.0,7.5,5.5,4,5.0,5.0,4.5,4,7.0,5.5,7.0,3,0
12/15/2024 6:04:15,2,0,0.0,4.5,0.0,1,0.0,0.0,0.0,1,1.5,0.0,5.5,3,3
12/15/2024 6:04:16,4,1,5.5,4.5,1.5,1,3.0,0.0,0.0,0,0.0,1.5,1.5,0,3
12/15/2024 6:04:23,4,0,7.0,8.5,7.0,4,7.0,7.0,7.0,3,7.0,5.5,7.0,3,1
12/15/2024 6:04:40,2,1,5.5,4.5,0.0,0,1.0,0.0,2.5,0,1.5,3.5,1.5,2,1
12/15/2024 6:04:49,4,0,5.5,8.5,7.0,4,5.0,7.0,7.0,3,5.5,3.5,7.0,3,2
12/15/2024 6:04:57,3,1,3.5,4.5,1.5,1,1.0,0.0,0.3,1,3.5,1.5,3.5,1,4
12/15/2024 6:05:27,2,1,1.5,4.5,1.5,0,3.0,0.0,0.0,1,0.0,1.5,5.5,3,2
12/15/2024 6:05:29,3,1,5.5,7.5,1.5,3,7.0,7.0,7.0,4,5.5,5.5,7.0,3,0
12/15/2024 6:05:47,3,1,7.0,8.5,7.0,4,3.0,5.0,4.5,4,7.0,5.5,7.0,3,1
12/15/2024 6:05:48,2,1,3.5,8.5,5.5,2,0.0,0.0,0.3,1,1.5,5.5,7.0,1,2
12/15/2024 6:06:05,3,1,7.0,8.5,5.5,4,5.0,5.0,4.5,2,5.5,7.0,7.0,3,1
12/15/2024 6:06:05,3,1,1.5,6.5,3.5,2,1.0,3.0,0.3,0,3.5,5.5,5.5,3,0
12/15/2024 6:06:21,2,0,7.0,7.5,3.5,2,7.0,7.0,7.0,3,5.5,7.0,7.0,3,0
12/15/2024 6:06:26,2,0,5.5,6.5,1.5,0,0.0,1.0,2.5,2,1.5,0.0,3.5,1,0
12/15/2024 6:06:36,3,0,7.0,7.5,5.5,4,5.0,3.0,4.5,4,7.0,5.5,7.0,3,1
12/15/2024 6:06:45,3,1,5.5,7.5,3.5,2,1.0,3.0,4.5,1,5.5,1.5,3.5,3,0
12/15/2024 6:06:53,3,1,7.0,7.5,5.5,3,5.0,7.0,4.5,3,5.5,5.5,5.5,2,0
12/15/2024 6:07:07,2,1,3.5,6.5,5.5,2,3.0,1.0,2.5,2,5.5,1.5,3.5,2,2
12/15/2024 6:07:12,4,1,5.5,7.5,7.0,4,5.0,3.0,4.5,3,7.0,5.5,5.5,3,0
12/15/2024 6:07:26,2,1,5.5,6.5,1.5,3,3.0,3.0,2.5,2,3.5,3.5,3.5,2,2
12/15/2024 6:07:30,3,1,7.0,8.5,5.5,4,3.0,5.0,4.5,4,5.5,7.0,5.5,2,1
12/15/2024 6:07:48,2,0,5.5,4.5,0.0,0,1.0,1.0,0.3,0,0.0,1.5,3.5,3,0
12/15/2024 6:08:02,4,1,5.5,8.5,7.0,4,5.0,7.0,2.5,4,7.0,7.0,5.5,3,2
12/15/2024 6:08:09,4,1,1.5,6.5,3.5,2,1.0,1.0,2.5,3,5.5,0.0,1.5,1,3
12/15/2024 6:08:30,3,1,0.0,8.5,3.5,2,1.0,1.0,0.3,0,0.0,5.5,1.5,2,2
12/15/2024 6:08:31,3,0,3.5,3.5,0.0,2,0.0,1.0,4.5,3,3.5,1.5,7.0,3,4
12/15/2024 11:49:05,3,1,5.5,8.5,5.5,3,1.0,3.0,7.0,3,3.5,3.5,7.0,3,3
